grupo;tipo;codigo_estacao;fonte;serie_id;nivel_consistencia;inicio;fim;registros;registros_origem;valores_validos;timestamps_duplicados;negativos;numero_posicoes_internas;posicao_espacial_ambigua;arquivo_final;arquivo_origem;origem_resolucao;metodo_agregacao;min_horas_validas_dia;dias_completos
horarios;chuva;2463;Epagri;67eeb703c0d646af;;2017-07-21 11:00:00;2026-09-14 16:00:00;80214;80214;77602;0;0;2;False;horarios\chuva\2463\EPAGRI_2463_chuva_horaria.csv;C:\Users\afrod\OneDrive\Documents\HydroUAI_git\hydrouai-epagri-2026\02_Dados\BD01\BD01\Estudos_bacia_02\20261004_074113_244613\02_horarios_precipitacao_nivel\dados\chuva\2463\EPAGRI_2463_chuva_horaria.csv;nativa;;;
diarios;chuva;2463;Epagri;67eeb703c0d646af_diario_derivado;;2017-07-21;2026-09-14;3343;80214;3195;0;0;2;False;diarios\chuva\2463\EPAGRI_2463_chuva_diaria_derivada_horaria.csv;C:\Users\afrod\OneDrive\Documents\HydroUAI_git\hydrouai-epagri-2026\02_Dados\BD01\BD01\Dados_Finais_Curso_bacia_02\20261004_074134_809451\horarios\chuva\2463\EPAGRI_2463_chuva_horaria.csv;horaria_agregada;soma;24.0;3195.0
horarios;nivel;2463;Epagri;e3e929a1cfadc553;;2017-07-21 11:00:00;2026-09-14 16:00:00;80214;80214;78344;0;0;2;False;horarios\nivel\2463\EPAGRI_2463_nivel_horaria.csv;C:\Users\afrod\OneDrive\Documents\HydroUAI_git\hydrouai-epagri-2026\02_Dados\BD01\BD01\Estudos_bacia_02\20261004_074113_244613\02_horarios_precipitacao_nivel\dados\nivel\2463\EPAGRI_2463_nivel_horaria.csv;nativa;;;
diarios;nivel;2463;Epagri;e3e929a1cfadc553_diario_derivado;;2017-07-21;2026-09-14;3343;80214;3224;0;0;2;False;diarios\nivel\2463\EPAGRI_2463_nivel_diaria_derivada_horaria.csv;C:\Users\afrod\OneDrive\Documents\HydroUAI_git\hydrouai-epagri-2026\02_Dados\BD01\BD01\Dados_Finais_Curso_bacia_02\20261004_074134_809451\horarios\nivel\2463\EPAGRI_2463_nivel_horaria.csv;horaria_agregada;media;24.0;3224.0
horarios;vazao;2463;Epagri;f590d034c85bf207;;2017-07-21 11:00:00;2026-09-14 16:00:00;80214;80214;79303;0;0;2;False;horarios\vazao\2463\EPAGRI_2463_vazao_horaria.csv;C:\Users\afrod\OneDrive\Documents\HydroUAI_git\hydrouai-epagri-2026\02_Dados\BD01\BD01\Estudos_bacia_02\20261004_074113_244613\02_horarios_precipitacao_nivel\dados\vazao\2463\EPAGRI_2463_vazao_horaria.csv;nativa;;;
diarios;vazao;2463;Epagri;f590d034c85bf207_diario_derivado;;2017-07-21;2026-09-14;3343;80214;3239;0;0;2;False;diarios\vazao\2463\EPAGRI_2463_vazao_diaria_derivada_horaria.csv;C:\Users\afrod\OneDrive\Documents\HydroUAI_git\hydrouai-epagri-2026\02_Dados\BD01\BD01\Dados_Finais_Curso_bacia_02\20261004_074134_809451\horarios\vazao\2463\EPAGRI_2463_vazao_horaria.csv;horaria_agregada;media;24.0;3239.0
horarios;chuva;84100000;Epagri;48ca7231acd1057b;;2013-12-15 11:00:00;2026-06-06 12:00:00;109346;109346;102018;0;0;2;False;horarios\chuva\84100000\EPAGRI_84100000_chuva_horaria.csv;C:\Users\afrod\OneDrive\Documents\HydroUAI_git\hydrouai-epagri-2026\02_Dados\BD01\BD01\Estudos_bacia_02\20261004_074113_244613\02_horarios_precipitacao_nivel\dados\chuva\84100000\EPAGRI_84100000_chuva_horaria.csv;nativa;;;
diarios;chuva;84100000;Epagri;48ca7231acd1057b_diario_derivado;;2013-12-15;2026-06-06;4557;109346;3956;0;0;2;False;diarios\chuva\84100000\EPAGRI_84100000_chuva_diaria_derivada_horaria.csv;C:\Users\afrod\OneDrive\Documents\HydroUAI_git\hydrouai-epagri-2026\02_Dados\BD01\BD01\Dados_Finais_Curso_bacia_02\20261004_074134_809451\horarios\chuva\84100000\EPAGRI_84100000_chuva_horaria.csv;horaria_agregada;soma;24.0;3956.0
horarios;nivel;84100000;Epagri;dea0d5f08b8c0f64;;2013-12-15 11:00:00;2026-06-06 12:00:00;109346;109346;95850;0;0;2;False;horarios\nivel\84100000\EPAGRI_84100000_nivel_horaria.csv;C:\Users\afrod\OneDrive\Documents\HydroUAI_git\hydrouai-epagri-2026\02_Dados\BD01\BD01\Estudos_bacia_02\20261004_074113_244613\02_horarios_precipitacao_nivel\dados\nivel\84100000\EPAGRI_84100000_nivel_horaria.csv;nativa;;;
diarios;nivel;84100000;Epagri;dea0d5f08b8c0f64_diario_derivado;;2013-12-15;2026-06-06;4557;109346;3756;0;0;2;False;diarios\nivel\84100000\EPAGRI_84100000_nivel_diaria_derivada_horaria.csv;C:\Users\afrod\OneDrive\Documents\HydroUAI_git\hydrouai-epagri-2026\02_Dados\BD01\BD01\Dados_Finais_Curso_bacia_02\20261004_074134_809451\horarios\nivel\84100000\EPAGRI_84100000_nivel_horaria.csv;horaria_agregada;media;24.0;3756.0
