data_hora;2463_P;84100000_P;2463_Q
2017-07-22;0.0;0.0;7.800416666666667
2017-07-23;0.0;0.0;4.04
2017-07-24;0.0;0.0;3.93
2017-07-25;0.0;0.0;3.83
2017-07-26;0.0;0.0;3.71
2017-07-27;0.0;0.0;3.6
2017-07-28;0.0;0.0;4.658333333333333
2017-07-29;0.0;0.0;3.42
2017-07-30;0.0;0.0;3.32
2017-07-31;0.0;0.0;3.2
2017-08-01;0.0;0.0;3.1
2017-08-02;0.6;0.8;3.01
2017-08-03;45.2;45.2;5.786666666666666
2017-08-04;0.0;0.0;6.927916666666667
2017-08-05;0.0;0.0;7.760000000000001
2017-08-06;0.0;0.0;6.960833333333333
2017-08-07;0.0;0.0;4.63375
2017-08-08;7.000000000000001;8.4;2.67
2017-08-09;0.2;0.2;3.01
2017-08-10;0.0;0.0;2.49
2017-08-11;18.2;10.2;6.554583333333333
2017-08-12;5.4;6.6;4.345416666666667
2017-08-13;28.2;20.8;2.230833333333333
2017-08-14;2.2;2.6;9.11
2017-08-15;0.0;0.0;2.92
2017-08-16;0.0;0.0;2.3
2017-08-17;0.0;0.0;2.15
2017-08-18;0.0;0.0;2.1
2017-08-19;0.0;0.0;2.08
2017-08-20;15.4;18.0;4.47375
2017-08-21;0.0;0.0;16.52
2017-08-22;0.6;0.6000000000000001;7.527083333333334
2017-08-23;3.2;2.4000000000000004;3.8229166666666665
2017-08-24;0.0;0.0;2.2033333333333336
2017-08-25;0.0;0.0;1.89
2017-08-26;0.0;0.0;1.731666666666667
2017-08-27;0.2;0.0;1.8
2017-08-28;0.0;0.2;1.95
2017-08-29;0.0;0.0;1.76
2017-08-30;0.0;0.0;1.71
2017-08-31;0.0;0.0;1.72
2017-09-01;0.4163032651016021;0.0;1.94
2017-09-02;0.4163032651016021;0.0;1.87
2017-09-03;0.4163032651016021;0.0;1.67
2017-09-04;0.4163032651016021;0.0;1.57
2017-09-05;0.0;0.0;1.6025
2017-09-06;0.0;0.0;1.55
2017-09-07;0.0;0.0;1.55
2017-09-08;0.0;0.0;1.49
2017-09-09;0.0;0.0;1.47
2017-09-10;0.0;0.0;1.47
2017-09-11;0.0;0.0;1.47
2017-09-12;0.0;0.0;1.413333333333333
2017-09-13;0.0;0.0;1.39
2017-09-14;0.0;0.0;1.39
2017-09-15;0.0;0.0;1.4333333333333331
2017-09-16;0.0;0.0;1.47
2017-09-17;1.2;2.8;1.5200000000000002
2017-09-18;0.0;0.0;1.5033333333333332
2017-09-19;0.0;0.0;1.46
2017-09-20;0.0;0.0;1.393333333333333
2017-09-21;0.0;0.0;1.3870833333333332
2017-09-22;0.0;0.0;1.3608333333333331
2017-09-23;0.2;4.0;1.32
2017-09-24;2.6;0.0;1.32875
2017-09-25;2.0;3.2;1.41
2017-09-26;0.0;0.2;1.4166666666666667
2017-09-27;0.0;0.0;1.32
2017-09-28;11.6;7.8;1.5204166666666667
2017-09-29;19.6;22.200000000000003;3.2579166666666666
2017-09-30;49.4;56.4;33.07333333333333
2017-10-01;0.0;0.2;4.4870833333333335
2017-10-02;14.2;20.6;2.6091666666666664
2017-10-03;0.8;1.0;7.017083333333333
2017-10-04;0.0;0.0;2.5175
2017-10-05;0.0;0.0;2.0083333333333333
2017-10-06;17.4;18.2;1.9670833333333333
2017-10-07;0.0;0.0;2.60125
2017-10-08;13.6;13.2;6.729166666666667
2017-10-09;0.0;0.0;3.6875
2017-10-10;0.0;0.0;2.4079166666666665
2017-10-11;1.0;0.0;2.09625
2017-10-12;11.8;13.2;2.8441666666666667
2017-10-13;10.0;17.2;4.2716666666666665
2017-10-14;0.2;1.52;3.34
2017-10-15;0.0;0.0;2.522083333333333
2017-10-16;0.0;0.0;2.195
2017-10-17;0.0;0.0;2.0029166666666667
2017-10-18;0.0;0.0;1.9
2017-10-19;0.0;0.0;1.8325
2017-10-20;0.0;0.0;1.735
2017-10-21;5.0;6.2;1.7725
2017-10-22;0.0;0.0;1.79875
2017-10-23;0.0;0.0;1.67
2017-10-24;0.0;0.0;1.55
2017-10-25;8.0;6.0;1.59
2017-10-26;4.8;4.6;2.9970833333333338
2017-10-27;0.6000000000000001;1.2000000000000002;2.1466666666666665
2017-10-28;0.0;0.0;1.6620833333333334
2017-10-29;0.0;0.0;1.4933333333333334
2017-10-30;0.2;2.4;1.47
2017-10-31;0.0;0.2;1.4566666666666668
2017-11-01;0.0;0.0;1.39
2017-11-02;0.0;0.0;1.3375
2017-11-03;0.0;0.0;1.32
2017-11-04;11.2;12.0;1.55875
2017-11-05;0.0;0.0;1.8108333333333333
2017-11-06;0.0;0.0;1.57
2017-11-07;10.2;7.2;1.5666666666666669
2017-11-08;17.2;6.6;3.952916666666667
2017-11-09;2.4;2.2;4.799166666666666
2017-11-10;18.4;34.2;5.966666666666666
2017-11-11;0.0;0.2;4.571666666666666
2017-11-12;0.0;0.0;2.0741666666666667
2017-11-13;0.0;0.0;1.7016666666666664
2017-11-14;0.0;0.0;1.5308333333333335
2017-11-15;0.0;0.0;1.4533333333333331
2017-11-16;8.0;14.6;1.403333333333333
2017-11-17;1.6;3.0;1.6479166666666665
2017-11-18;31.0;43.4;10.36375
2017-11-19;0.2;0.4;3.9783333333333335
2017-11-20;0.4;0.0;2.239583333333333
2017-11-21;1.7999999999999998;0.8;1.89625
2017-11-22;0.0;0.2;1.7425
2017-11-23;0.0;0.0;1.6866666666666663
2017-11-24;0.0;0.0;1.58
2017-11-25;1.0;1.4;1.4799999999999998
2017-11-26;0.2;0.4;1.47
2017-11-27;0.0;0.0;1.403333333333333
2017-11-28;0.0;0.0;1.39
2017-11-29;2.4000000000000004;3.6000000000000005;1.3754166666666665
2017-11-30;14.4;21.0;2.4691666666666667
2017-12-01;10.0;1.8;3.888333333333333
2017-12-02;2.2;0.8;2.8720833333333338
2017-12-03;7.399999999999999;3.4;1.99
2017-12-04;27.0;11.0;5.8975
2017-12-05;0.2;0.6000000000000001;4.308333333333334
2017-12-06;28.6;21.8;8.676666666666668
2017-12-07;18.4;30.2;19.34541666666667
2017-12-08;0.4163032651016021;0.0;20.94
2017-12-09;0.0;0.0;3.753333333333333
2017-12-10;0.0;0.8;2.822083333333333
2017-12-11;0.0;0.2;2.3575
2017-12-12;0.0;0.0;2.08875
2017-12-13;0.0;0.0;1.9525
2017-12-14;0.0;0.0;1.8775
2017-12-15;0.0;0.0;1.81375
2017-12-16;0.0;0.0;1.85875
2017-12-17;4.2;1.4;1.7133333333333332
2017-12-18;0.2;0.0;1.74625
2017-12-19;4.0;6.2;2.3216666666666668
2017-12-20;63.0;44.0;31.339166666666667
2017-12-21;3.4;4.8;15.42625
2017-12-22;0.0;0.0;4.687083333333333
2017-12-23;51.6;48.2;16.22875
2017-12-24;23.200000000000003;28.2;26.865
2017-12-25;0.0;0.2;13.212083333333332
2017-12-26;0.0;0.0;6.484583333333333
2017-12-27;1.2;2.0;6.372916666666666
2017-12-28;4.8;3.2;5.9025
2017-12-29;19.6;10.6;8.745833333333334
2017-12-30;6.6;7.2;10.08
2017-12-31;1.0;0.2;7.93375
2018-01-01;1.4;6.6000000000000005;6.210833333333333
2018-01-02;26.2;31.8;5.9070833333333335
2018-01-03;0.2;0.2;11.155
2018-01-04;0.0;0.0;4.6675
2018-01-05;0.0;0.0;3.9170833333333337
2018-01-06;0.0;5.4;3.497083333333333
2018-01-07;0.0;0.0;3.245833333333333
2018-01-08;0.0;0.0;3.11
2018-01-09;14.6;11.8;6.302083333333333
2018-01-10;88.8;93.4;35.08625
2018-01-11;37.4;29.6;53.185
2018-01-12;8.0;8.6;22.755
2018-01-13;0.2;4.2;12.365416666666668
2018-01-14;22.0;16.0;9.307916666666666
2018-01-15;0.4;0.4;8.25375
2018-01-16;11.6;4.8;7.344166666666666
2018-01-17;3.2;18.0;13.735416666666666
2018-01-18;9.4;4.8;9.432083333333331
2018-01-19;0.0;1.8;7.642916666666667
2018-01-20;0.0;0.0;5.589583333333334
2018-01-21;1.7999999999999998;1.4;4.9262500000000005
2018-01-22;20.4;9.6;12.203333333333331
2018-01-23;13.8;16.8;7.592083333333334
2018-01-24;15.0;13.0;14.078333333333331
2018-01-25;0.4;0.2;12.840416666666668
2018-01-26;0.0;1.2;7.53625
2018-01-27;1.4;1.6;6.081666666666667
2018-01-28;1.6;0.4;5.677499999999999
2018-01-29;0.2;0.4;4.9575000000000005
2018-01-30;0.8;0.4;4.3187500000000005
2018-01-31;1.4;0.8;4.76625
2018-02-01;0.0;0.0;4.37125
2018-02-02;0.0;0.0;3.7575
2018-02-03;0.0;0.0;3.4433333333333334
2018-02-04;1.6;1.2;3.2991666666666664
2018-02-05;0.0;0.2;3.25125
2018-02-06;0.0;0.0;3.115
2018-02-07;1.0;1.6;3.76
2018-02-08;1.6;0.2;3.478333333333333
2018-02-09;5.6;13.0;3.9983333333333335
2018-02-10;21.4;40.2;3.6495833333333336
2018-02-11;70.2;89.2;41.36
2018-02-12;1.4;1.8;34.18666666666667
2018-02-13;0.0;0.0;7.766666666666667
2018-02-14;0.0;0.0;5.534583333333334
2018-02-15;0.2;0.0;4.7075000000000005
2018-02-16;0.2;0.4;4.253333333333333
2018-02-17;0.0;0.0;3.89875
2018-02-18;0.0;0.0;3.6366666666666654
2018-02-19;28.8;40.4;4.162083333333333
2018-02-20;1.0;0.8;5.733333333333333
2018-02-21;11.2;3.6;5.5625
2018-02-22;6.8;9.6;7.0495833333333335
2018-02-23;0.0;0.0;5.042916666666667
2018-02-24;0.4;1.6;3.964166666666667
2018-02-25;0.6;0.4;4.0475
2018-02-26;2.0;14.0;4.8925
2018-02-27;19.8;17.0;12.0875
2018-02-28;0.6000000000000001;1.2;7.492916666666667
2018-03-01;47.6;35.2;12.46625
2018-03-02;0.4;0.6000000000000001;23.92083333333333
2018-03-03;0.0;0.2;6.360833333333333
2018-03-04;16.0;19.4;6.575833333333333
2018-03-05;10.0;2.6;8.250833333333334
2018-03-06;0.6000000000000001;1.6;5.642083333333333
2018-03-07;0.0;0.0;4.6137500000000005
2018-03-08;0.0;0.0;4.1658333333333335
2018-03-09;0.2;0.0;3.880833333333333
2018-03-10;2.4;1.2;3.76125
2018-03-11;0.0;0.0;3.6041666666666665
2018-03-12;0.0;0.0;3.355
2018-03-13;0.0;0.0;3.165833333333333
2018-03-14;1.4;1.2;3.115
2018-03-15;0.0;0.0;3.025
2018-03-16;0.0;0.0;2.88875
2018-03-17;0.0;0.0;2.783333333333333
2018-03-18;0.0;0.2;2.7099999999999995
2018-03-19;11.0;7.6;3.02625
2018-03-20;19.0;7.0;4.070833333333334
2018-03-21;0.0;0.2;4.24375
2018-03-22;0.0;0.0;2.765
2018-03-23;0.0;0.0;2.5770833333333334
2018-03-24;3.4000000000000004;2.6;2.6366666666666667
2018-03-25;11.0;8.6;5.732916666666667
2018-03-26;18.2;18.6;3.855833333333333
2018-03-27;15.2;15.2;16.639166666666664
2018-03-28;8.8;8.4;7.828749999999999
2018-03-29;59.400000000000006;97.2;27.8475
2018-03-30;18.0;59.400000000000006;24.771666666666665
2018-03-31;13.4;15.0;12.127083333333331
2018-04-01;0.2;0.2;8.7125
2018-04-02;0.0;0.2;5.789583333333333
2018-04-03;3.2;2.8;4.764583333333333
2018-04-04;18.6;14.2;5.190833333333333
2018-04-05;10.999999999999998;19.6;10.940416666666666
2018-04-06;0.0;0.2;6.666250000000001
2018-04-07;0.0;0.0;4.59
2018-04-08;0.0;0.0;4.060833333333334
2018-04-09;0.0;0.8;3.72875
2018-04-10;13.2;7.6;4.474583333333333
2018-04-11;0.0;0.0;3.5666666666666664
2018-04-12;0.0;0.0;3.2675
2018-04-13;0.0;0.0;3.115
2018-04-14;0.0;0.0;3.82375
2018-04-15;1.2000000000000002;0.2;3.4095833333333334
2018-04-16;3.0;3.0;4.33
2018-04-17;3.8;1.0;4.245416666666666
2018-04-18;2.8000000000000003;0.6000000000000001;3.857916666666666
2018-04-19;0.0;0.0;3.1020833333333333
2018-04-20;0.0;0.0;2.797083333333333
2018-04-21;0.0;0.0;2.645833333333333
2018-04-22;0.0;0.0;2.5725
2018-04-23;0.0;0.0;2.4762500000000003
2018-04-24;0.0;0.0;2.38
2018-04-25;0.0;0.0;2.355
2018-04-26;0.0;0.0;2.28
2018-04-27;0.0;0.0;2.2258333333333336
2018-04-28;0.0;0.0;2.18
2018-04-29;0.0;0.0;2.15375
2018-04-30;0.6000000000000001;3.2;2.09
2018-05-01;2.0;1.8;2.20125
2018-05-02;2.2;3.0;2.2716666666666665
2018-05-03;3.0;2.2;3.528333333333333
2018-05-04;0.8;1.4;2.515
2018-05-05;3.4;5.6000000000000005;2.205
2018-05-06;3.8;10.0;2.8241666666666667
2018-05-07;1.6;2.2;6.614583333333333
2018-05-08;0.2;0.2;2.844583333333333
2018-05-09;2.8000000000000003;1.8;3.035833333333333
2018-05-10;0.0;0.2;3.615
2018-05-11;0.0;0.0;2.459583333333333
2018-05-12;0.0;0.0;2.1666666666666665
2018-05-13;0.0;0.0;2.0275
2018-05-14;0.0;0.0;1.99
2018-05-15;9.6;5.0;1.9775
2018-05-16;0.2;0.0;2.01625
2018-05-17;0.0;0.0;1.9
2018-05-18;5.2;6.8;1.9308333333333327
2018-05-19;23.2;25.4;8.15375
2018-05-20;3.2;2.2;4.265
2018-05-21;0.0;0.0;2.5341666666666667
2018-05-22;0.0;0.0;2.1275
2018-05-23;0.0;0.0;1.9983333333333333
2018-05-24;0.0;0.0;1.9
2018-05-25;0.0;0.0;1.885
2018-05-26;0.0;0.0;1.81
2018-05-27;0.0;0.0;1.81
2018-05-28;0.0;0.0;1.7575
2018-05-29;3.4;0.4;1.7612500000000002
2018-05-30;0.2;0.2;1.8475
2018-05-31;0.0;0.0;1.72375
2018-06-01;0.0;0.0;1.643333333333333
2018-06-02;3.6;5.4;1.64
2018-06-03;0.0;0.0;1.6175
2018-06-04;0.2;0.6000000000000001;1.55
2018-06-05;12.0;11.2;1.7016666666666664
2018-06-06;0.2;0.2;2.00875
2018-06-07;0.0;0.0;1.6879166666666665
2018-06-08;0.0;0.0;1.5725
2018-06-09;0.0;0.0;1.4966666666666668
2018-06-10;0.0;0.0;1.47
2018-06-11;0.4;1.0;1.47
2018-06-12;35.8;58.4;7.840833333333333
2018-06-13;0.0;0.2;4.11125
2018-06-14;0.0;0.0;2.033333333333333
2018-06-15;0.2;0.6000000000000001;1.74625
2018-06-16;0.0;0.0;1.6466666666666665
2018-06-17;0.2;0.0;1.5575
2018-06-18;0.0;0.0;1.55375
2018-06-19;0.0;0.0;1.55
2018-06-20;0.0;0.0;1.5366666666666668
2018-06-21;0.0;0.0;1.47
2018-06-22;0.0;0.0;1.4066666666666665
2018-06-23;0.0;0.0;1.4633333333333332
2018-06-24;3.8;4.6;1.403333333333333
2018-06-25;4.0;2.4;1.4799999999999998
2018-06-26;1.6;2.2;1.55
2018-06-27;0.0;0.2;1.54
2018-06-28;0.0;0.0;1.47
2018-06-29;0.0;0.0;1.3966666666666665
2018-06-30;4.6000000000000005;4.4;1.7866666666666668
2018-07-01;0.0;0.0;1.61625
2018-07-02;0.0;0.0;1.4233333333333331
2018-07-03;2.2;0.2;1.4433333333333334
2018-07-04;26.4;23.0;5.17
2018-07-05;0.0;1.0;3.2470833333333338
2018-07-06;0.0;0.0;1.87875
2018-07-07;0.0;0.0;1.64875
2018-07-08;0.0;0.0;1.51
2018-07-09;0.0;0.0;1.4433333333333334
2018-07-10;0.4;0.0;1.39
2018-07-11;0.0;0.0;1.3637499999999998
2018-07-12;0.0;0.0;1.32
2018-07-13;0.0;0.0;1.32
2018-07-14;0.0;0.0;1.2733333333333334
2018-07-15;0.0;0.0;1.25
2018-07-16;20.6;26.6;1.2895833333333333
2018-07-17;1.8;1.8;4.33625
2018-07-18;0.0;0.0;1.7770833333333331
2018-07-19;0.0;0.0;1.46
2018-07-20;0.0;0.0;1.3549999999999998
2018-07-21;0.0;0.0;1.31125
2018-07-22;0.0;0.0;1.25
2018-07-23;0.0;0.0;1.25
2018-07-24;0.0;0.0;1.25
2018-07-25;33.0;34.0;13.050833333333337
2018-07-26;0.2;0.2;7.508333333333333
2018-07-27;0.0;0.2;2.3241666666666667
2018-07-28;0.0;0.0;1.825
2018-07-29;0.8;0.8;1.6275000000000002
2018-07-30;0.0;0.2;1.4966666666666668
2018-07-31;0.0;0.0;1.403333333333333
2018-08-01;0.0;0.0;1.3695833333333332
2018-08-02;9.2;5.4;1.35625
2018-08-03;13.0;9.6;7.864583333333333
2018-08-04;0.0;0.0;3.17375
2018-08-05;0.0;0.0;1.9554166666666664
2018-08-06;0.0;0.0;1.67
2018-08-07;0.0;0.0;1.5433333333333332
2018-08-08;1.6;3.8;1.47
2018-08-09;0.0;0.2;1.47
2018-08-10;0.0;0.0;1.3841666666666663
2018-08-11;0.0;0.0;1.32
2018-08-12;0.0;0.0;1.32
2018-08-13;0.0;0.0;1.31125
2018-08-14;0.0;0.0;1.25
2018-08-15;0.0;0.0;1.25
2018-08-16;0.0;0.0;1.25
2018-08-17;0.0;0.0;1.2466666666666668
2018-08-18;0.0;0.0;1.17
2018-08-19;0.0;0.0;1.17
2018-08-20;5.8;5.8;1.1733333333333331
2018-08-21;21.4;22.6;1.8908333333333327
2018-08-22;14.2;15.8;7.712083333333333
2018-08-23;0.2;0.2;3.1275
2018-08-24;11.2;15.4;1.8895833333333327
2018-08-25;0.2;0.2;3.1916666666666664
2018-08-26;0.0;0.0;1.825416666666667
2018-08-27;0.0;0.0;1.5
2018-08-28;0.0;0.0;1.41
2018-08-29;0.0;0.0;1.39
2018-08-30;0.0;0.0;1.32875
2018-08-31;9.0;8.600000000000001;1.3320833333333335
2018-09-01;20.2;21.8;6.38375
2018-09-02;15.8;15.2;7.506666666666667
2018-09-03;64.0;64.2;18.632916666666667
2018-09-04;6.4;2.6;39.20791666666667
2018-09-05;0.0;0.0;5.84375
2018-09-06;0.0;0.0;3.720416666666667
2018-09-07;0.0;0.0;2.9591666666666665
2018-09-08;0.0;0.0;2.535833333333333
2018-09-09;0.0;0.0;2.28
2018-09-10;6.2;7.0;2.11625
2018-09-11;1.0;2.2;2.84375
2018-09-12;23.6;14.2;6.470833333333334
2018-09-13;6.8;4.2;15.874583333333334
2018-09-14;7.6;9.0;11.845833333333331
2018-09-15;8.6;10.0;15.57375
2018-09-16;13.4;13.0;8.82875
2018-09-17;18.4;24.2;12.28
2018-09-18;2.4;1.4;10.834583333333333
2018-09-19;0.0;0.0;5.2775
2018-09-20;0.0;0.0;4.119583333333334
2018-09-21;0.0;0.0;3.55125
2018-09-22;0.0;0.0;3.137083333333333
2018-09-23;0.0;0.0;2.829166666666667
2018-09-24;0.0;0.0;2.5770833333333334
2018-09-25;0.0;0.0;2.4716666666666667
2018-09-26;0.2;0.2;2.3633333333333333
2018-09-27;0.6000000000000001;0.0;2.438333333333333
2018-09-28;1.0;5.0;2.36125
2018-09-29;9.2;5.4;3.370416666666667
2018-09-30;0.0;0.0;2.629166666666667
2018-10-01;24.4;7.6;8.588333333333333
2018-10-02;6.4;12.4;6.083333333333333
2018-10-03;20.6;12.2;12.331666666666663
2018-10-04;0.0;0.0;6.072916666666667
2018-10-05;0.0;0.0;3.63875
2018-10-06;0.0;0.0;2.982083333333333
2018-10-07;0.6000000000000001;0.8;2.75125
2018-10-08;4.4;3.0000000000000004;2.7425
2018-10-09;4.6;3.4;2.92
2018-10-10;1.4;1.0;3.0070833333333336
2018-10-11;0.0;0.0;2.512916666666667
2018-10-12;0.7999999999999999;1.2;2.3891666666666667
2018-10-13;3.8;3.0;2.6366666666666667
2018-10-14;0.8;1.2;2.742083333333333
2018-10-15;0.2;0.2;2.400416666666666
2018-10-16;12.2;6.8;2.88125
2018-10-17;5.6000000000000005;5.8;8.530416666666666
2018-10-18;0.2;0.4;3.764583333333333
2018-10-19;0.0;0.0;2.7704166666666663
2018-10-20;0.0;0.0;2.3779166666666667
2018-10-21;0.0;0.0;2.2675
2018-10-22;0.2;0.0;2.205
2018-10-23;0.6000000000000001;0.7999999999999999;2.18
2018-10-24;1.2000000000000002;0.6000000000000001;3.252916666666667
2018-10-25;15.2;17.6;4.524583333333333
2018-10-26;45.8;29.4;17.6925
2018-10-27;0.8;0.4;12.641666666666666
2018-10-28;0.0;0.0;4.399166666666667
2018-10-29;0.0;0.0;3.63125
2018-10-30;0.0;0.0;3.43375
2018-10-31;23.4;25.6;17.507916666666667
2018-11-01;0.6000000000000001;1.8;5.59625
2018-11-02;0.0;0.0;4.033333333333333
2018-11-03;11.599999999999998;17.799999999999997;4.757083333333333
2018-11-04;0.8;0.4;5.359166666666667
2018-11-05;0.8;0.6000000000000001;3.679166666666666
2018-11-06;0.0;0.0;3.1525
2018-11-07;2.8;0.2;2.98
2018-11-08;1.0;2.4;3.546666666666667
2018-11-09;13.0;12.4;5.932916666666666
2018-11-10;25.8;15.4;19.760416666666668
2018-11-11;1.0;0.6000000000000001;8.574166666666667
2018-11-12;1.0;0.6000000000000001;4.829166666666667
2018-11-13;1.0;1.2000000000000002;4.375416666666667
2018-11-14;0.0;0.0;3.7929166666666654
2018-11-15;0.0;0.0;3.27625
2018-11-16;0.0;0.0;2.9425000000000003
2018-11-17;0.0;0.0;2.7741666666666664
2018-11-18;22.0;21.0;7.4975
2018-11-19;0.0;0.2;3.8195833333333336
2018-11-20;0.0;0.0;2.8808333333333334
2018-11-21;0.0;0.0;2.650416666666666
2018-11-22;0.6000000000000001;0.4;2.567916666666666
2018-11-23;11.0;11.2;2.563333333333333
2018-11-24;12.4;7.6;8.184583333333334
2018-11-25;0.2;0.2;5.212083333333333
2018-11-26;0.0;0.0;3.06375
2018-11-27;6.8;6.0;2.7558333333333334
2018-11-28;6.0;2.8;4.327916666666667
2018-11-29;9.2;9.8;4.69125
2018-11-30;46.2;35.2;19.22041666666667
2018-12-01;10.4;19.0;7.664166666666667
2018-12-02;0.4;0.2;5.0200000000000005
2018-12-03;0.0;0.0;3.7929166666666654
2018-12-04;0.0;0.0;3.342916666666667
2018-12-05;0.0;0.0;2.9866666666666664
2018-12-06;0.0;0.0;2.797083333333333
2018-12-07;0.0;0.0;2.66875
2018-12-08;0.0;0.0;2.485416666666667
2018-12-09;0.0;0.0;2.3716666666666666
2018-12-10;0.0;0.0;2.288333333333333
2018-12-11;0.0;0.0;2.255
2018-12-12;4.8;6.2;2.17625
2018-12-13;3.4;5.6;2.1612500000000003
2018-12-14;14.0;10.4;2.0729166666666665
2018-12-15;3.0;9.6;2.5554166666666664
2018-12-16;3.2;1.2000000000000002;2.380416666666666
2018-12-17;8.2;3.4000000000000004;2.12375
2018-12-18;10.0;7.4;2.147083333333333
2018-12-19;11.6;4.0;2.5141666666666667
2018-12-20;3.6000000000000005;5.2;8.04625
2018-12-21;11.8;19.2;2.810833333333333
2018-12-22;22.6;37.400000000000006;3.605833333333333
2018-12-23;6.0;11.4;4.7925
2018-12-24;1.2;0.0;2.75375
2018-12-25;0.0;0.0;3.172083333333333
2018-12-26;3.6;3.2;2.5450000000000004
2018-12-27;5.4;5.8;3.6125
2018-12-28;1.4;0.0;2.72125
2018-12-29;3.2;0.4;2.634583333333333
2018-12-30;1.4;1.2;2.615833333333333
2018-12-31;0.0;0.0;2.2925
2019-01-01;0.0;0.0;2.0691666666666664
2019-01-02;0.0;0.0;1.96375
2019-01-03;5.2;1.6;1.9
2019-01-04;1.2000000000000002;2.8;3.035833333333333
2019-01-05;0.0;0.2;3.3233333333333337
2019-01-06;0.2;0.0;2.464166666666667
2019-01-07;4.6;0.8;2.1825
2019-01-08;2.8000000000000003;0.4;6.391249999999999
2019-01-09;0.0;0.2;4.975833333333333
2019-01-10;1.4;5.2;2.438333333333333
2019-01-11;1.0;2.0;2.1154166666666665
2019-01-12;2.4;0.2;1.9825
2019-01-13;6.2;10.2;3.644583333333333
2019-01-14;8.2;23.6;2.685416666666667
2019-01-15;13.8;1.7999999999999998;2.2041666666666666
2019-01-16;7.6;33.0;2.3058333333333336
2019-01-17;8.2;26.8;5.011666666666667
2019-01-18;1.6;2.0;3.75
2019-01-19;1.0;9.6;3.0204166666666663
2019-01-20;2.8;1.4;3.775833333333333
2019-01-21;0.0;0.2;2.88875
2019-01-22;0.8;0.0;2.21625
2019-01-23;0.0;2.8;2.0025
2019-01-24;6.6;5.4;2.980833333333333
2019-01-25;1.0;0.2;2.61875
2019-01-26;0.2;0.2;2.2475
2019-01-27;0.0;0.4;2.0916666666666663
2019-01-28;0.2;0.0;1.91125
2019-01-29;0.0;3.0;1.8441666666666665
2019-01-30;0.2;0.2;1.8258333333333328
2019-01-31;4.4;37.6;1.82875
2019-02-01;11.6;23.8;3.2779166666666666
2019-02-02;55.8;32.6;6.565416666666667
2019-02-03;2.8000000000000003;2.2;14.045416666666666
2019-02-04;0.2;0.2;5.671666666666667
2019-02-05;0.0;0.0;2.970833333333333
2019-02-06;0.0;0.0;2.39625
2019-02-07;0.0;0.0;2.154583333333333
2019-02-08;7.0;1.0;2.0141666666666667
2019-02-09;0.0;0.0;2.0241666666666664
2019-02-10;0.0;0.0;1.82875
2019-02-11;0.0;0.0;1.81
2019-02-12;2.8000000000000003;2.4000000000000004;1.7875
2019-02-13;0.6000000000000001;0.0;2.4791666666666665
2019-02-14;0.0;0.0;1.9591666666666665
2019-02-15;10.0;11.2;2.295
2019-02-16;13.8;7.4;2.938333333333333
2019-02-17;86.8;110.0;60.1525
2019-02-18;7.800000000000001;2.2;30.695833333333336
2019-02-19;14.999999999999998;5.4;11.826666666666668
2019-02-20;0.2;0.2;11.839583333333332
2019-02-21;0.0;0.0;4.7975
2019-02-22;0.0;0.0;3.828333333333333
2019-02-23;3.4;0.0;5.49625
2019-02-24;37.8;21.8;9.504583333333334
2019-02-25;26.6;19.6;23.85833333333333
2019-02-26;0.6000000000000001;0.6000000000000001;7.170833333333333
2019-02-27;0.4;0.6000000000000001;5.294583333333333
2019-02-28;0.2;0.2;4.4383333333333335
2019-03-01;0.6000000000000001;0.2;3.78125
2019-03-02;0.2;0.0;3.33
2019-03-03;0.0;0.0;2.986666666666667
2019-03-04;0.0;3.8;3.06125
2019-03-05;0.0;0.8;2.7383333333333333
2019-03-06;0.4;2.0;3.902083333333333
2019-03-07;2.4;1.7999999999999998;3.6045833333333337
2019-03-08;35.0;15.6;6.379166666666666
2019-03-09;5.6;14.8;5.329166666666667
2019-03-10;2.8;0.0;6.71375
2019-03-11;4.4;1.4;7.322500000000001
2019-03-12;10.0;16.2;4.428333333333334
2019-03-13;1.0;1.0;6.7525
2019-03-14;32.2;36.6;9.2125
2019-03-15;1.0;0.2;8.377916666666666
2019-03-16;1.0;0.0;4.175833333333333
2019-03-17;0.4;0.4;3.523333333333333
2019-03-18;14.2;9.2;3.4704166666666665
2019-03-19;4.6000000000000005;2.4;3.5141666666666667
2019-03-20;0.8;1.0;4.122083333333333
2019-03-21;0.0;0.0;3.135
2019-03-22;7.0;4.0;2.9516666666666667
2019-03-23;0.6000000000000001;0.6000000000000001;3.80625
2019-03-24;0.0;0.0;2.94
2019-03-25;0.0;0.4;2.5779166666666664
2019-03-26;2.2;1.2;2.45
2019-03-27;0.0;0.2;2.4541666666666666
2019-03-28;1.7999999999999998;0.0;2.345833333333333
2019-03-29;7.909792673342595;8.8;8.79
2019-03-30;0.0;0.2;3.755
2019-03-31;0.2;3.8;2.646666666666667
2019-04-01;0.0;0.4;2.475
2019-04-02;0.0;0.0;2.3041666666666667
2019-04-03;0.4;0.0;2.2
2019-04-04;0.0;0.0;2.1750000000000003
2019-04-05;7.0;1.6;2.1333333333333333
2019-04-06;27.2;29.0;5.5808333333333335
2019-04-07;31.2;31.4;27.045
2019-04-08;0.2;0.2;11.18875
2019-04-09;0.0;0.0;4.50875
2019-04-10;0.0;0.0;3.4883333333333333
2019-04-11;0.0;0.0;3.065416666666667
2019-04-12;0.0;0.0;2.81625
2019-04-13;0.0;0.0;2.76125
2019-04-14;20.4;10.8;2.9137500000000003
2019-04-15;0.2;0.2;9.103333333333332
2019-04-16;10.8;13.6;3.6
2019-04-17;0.0;0.2;3.87375
2019-04-18;0.0;0.0;2.8125
2019-04-19;0.0;0.0;2.555833333333333
2019-04-20;0.0;0.0;2.3875
2019-04-21;0.2;0.0;2.3
2019-04-22;2.8000000000000003;0.8;2.3504166666666664
2019-04-23;0.0;0.0;3.306666666666666
2019-04-24;0.0;0.2;2.459583333333333
2019-04-25;7.2;4.6;3.5050000000000003
2019-04-26;0.8;3.2;2.5812500000000003
2019-04-27;1.0;0.6000000000000001;2.660416666666667
2019-04-28;2.0;2.8000000000000003;2.592083333333333
2019-04-29;0.0;0.2;2.5795833333333333
2019-04-30;0.2;0.2;2.2
2019-05-01;0.0;0.0;2.1
2019-05-02;0.0;0.0;2.01375
2019-05-03;0.0;0.0;1.99125
2019-05-04;0.0;0.0;1.91625
2019-05-05;0.0;0.0;1.83
2019-05-06;0.2;5.2;1.8266666666666669
2019-05-07;0.0;0.0;1.8108333333333333
2019-05-08;0.0;0.0;1.83
2019-05-09;0.8;1.0;1.81
2019-05-10;0.0;0.0;1.7766666666666666
2019-05-11;32.0;33.2;4.449166666666667
2019-05-12;0.2;0.2;6.39875
2019-05-13;21.200000000000003;22.2;2.424583333333333
2019-05-14;1.6;1.4;8.415833333333333
2019-05-15;8.6;12.2;3.68375
2019-05-16;6.0;3.2;11.822083333333332
2019-05-17;2.2;1.0;3.474166666666666
2019-05-18;8.2;15.2;4.982083333333333
2019-05-19;2.2;0.6000000000000001;4.4225
2019-05-20;0.0;0.2;3.147083333333333
2019-05-21;0.0;0.0;2.6695833333333336
2019-05-22;5.0;6.8;2.5187500000000003
2019-05-23;0.2;5.8;2.797916666666667
2019-05-24;8.4;8.2;7.077083333333333
2019-05-25;3.6;1.4;10.82
2019-05-26;0.0;0.0;3.732083333333333
2019-05-27;0.0;0.0;2.953333333333333
2019-05-28;7.0;7.0;2.7566666666666664
2019-05-29;0.4;0.0;2.59625
2019-05-30;68.0;59.0;30.000833333333333
2019-05-31;3.0;8.2;16.798750000000002
2019-06-01;1.7999999999999998;1.6;6.67625
2019-06-02;9.8;4.2;8.492083333333333
2019-06-03;2.0;3.4;7.570416666666667
2019-06-04;0.0;0.2;5.411666666666666
2019-06-05;0.0;0.0;4.119166666666667
2019-06-06;0.2;0.2;3.696250000000001
2019-06-07;0.0;0.0;3.407083333333333
2019-06-08;0.0;0.0;3.09
2019-06-09;0.0;0.0;2.9033333333333338
2019-06-10;0.0;0.0;2.73375
2019-06-11;0.0;0.0;2.59625
2019-06-12;0.0;0.0;2.4916666666666667
2019-06-13;0.0;0.0;2.3916666666666666
2019-06-14;0.0;0.0;2.2916666666666665
2019-06-15;0.0;0.0;2.2
2019-06-16;0.0;0.0;2.1750000000000003
2019-06-17;0.0;0.0;2.08875
2019-06-18;0.0;0.0;2.01
2019-06-19;0.0;0.0;2.00625
2019-06-20;0.0;0.0;1.92
2019-06-21;0.0;0.0;1.8825
2019-06-22;0.0;0.0;1.83
2019-06-23;0.0;0.0;1.83
2019-06-24;0.0;0.0;1.7533333333333332
2019-06-25;0.0;0.0;1.7425
2019-06-26;14.0;15.8;1.955833333333333
2019-06-27;0.0;0.0;1.98125
2019-06-28;0.0;0.0;1.8133333333333328
2019-06-29;0.0;0.0;1.75
2019-06-30;0.0;0.0;1.66375
2019-07-01;7.8;8.6;1.85
2019-07-02;21.2;23.0;3.977083333333333
2019-07-03;1.0;0.6;4.297916666666667
2019-07-04;0.0;0.2;2.25375
2019-07-05;0.0;0.0;1.839583333333333
2019-07-06;0.0;0.0;1.6825
2019-07-07;0.0;0.0;1.5933333333333335
2019-07-08;0.0;0.0;1.58
2019-07-09;0.0;0.0;1.58
2019-07-10;0.0;0.0;1.55
2019-07-11;0.0;0.0;1.5
2019-07-12;0.0;0.0;1.49125
2019-07-13;0.0;0.0;1.4329166666666666
2019-07-14;10.8;9.0;1.4908333333333337
2019-07-15;1.7999999999999998;4.0;1.819583333333333
2019-07-16;0.0;0.2;1.6629166666666666
2019-07-17;0.0;0.0;1.5033333333333332
2019-07-18;9.0;3.0;1.7341666666666666
2019-07-19;1.0;1.0;4.576666666666667
2019-07-20;0.0;0.0;2.0995833333333334
2019-07-21;0.0;0.0;1.6625
2019-07-22;0.0;0.0;1.53
2019-07-23;0.0;0.0;1.49125
2019-07-24;0.0;0.0;1.43
2019-07-25;0.0;0.0;1.43
2019-07-26;0.0;0.0;1.403333333333333
2019-07-27;0.4;1.8;1.38
2019-07-28;0.0;0.0;1.3500000000000003
2019-07-29;0.6000000000000001;0.9200000000000002;1.3500000000000003
2019-07-30;0.0;0.0;1.3500000000000003
2019-07-31;0.0;0.0;1.2945833333333334
2019-08-01;0.0;0.0;1.28
2019-08-02;3.0;3.0;1.28
2019-08-03;0.2;0.2;1.28
2019-08-04;0.0;0.0;1.21
2019-08-05;0.0;0.0;1.21
2019-08-06;0.0;0.2;1.2304166666666667
2019-08-07;0.0;0.2;1.3033333333333337
2019-08-08;0.0;0.0;1.2770833333333331
2019-08-09;0.0;0.0;1.21
2019-08-10;0.0;0.0;1.163333333333333
2019-08-11;0.0;0.0;1.14
2019-08-12;0.0;0.0;1.14
2019-08-13;1.2;1.6;1.1275
2019-08-14;0.0;0.0;1.08
2019-08-15;0.0;0.0;1.08
2019-08-16;0.0;0.0;1.08
2019-08-17;0.0;0.0;1.08
2019-08-18;14.4;13.2;1.100833333333333
2019-08-19;4.0;2.4;1.5345833333333332
2019-08-20;0.2;0.0;1.3516666666666666
2019-08-21;0.0;0.0;1.1545833333333333
2019-08-22;0.0;0.0;1.105
2019-08-23;1.4;1.6;1.08
2019-08-24;0.0;0.0;1.08
2019-08-25;0.0;0.0;1.0450000000000002
2019-08-26;1.4;1.2;1.1083333333333334
2019-08-27;0.8;0.6000000000000001;1.48125
2019-08-28;0.0;0.2;1.3279166666666666
2019-08-29;0.0;0.0;1.1866666666666663
2019-08-30;0.0;0.0;1.0925
2019-08-31;0.2;1.0;1.05
2019-09-01;9.4;7.0;1.25875
2019-09-02;0.0;0.0;1.5179166666666666
2019-09-03;0.0;0.0;1.1983333333333333
2019-09-04;0.0;0.0;1.1025
2019-09-05;0.0;0.0;1.055
2019-09-06;6.4;11.6;1.393333333333333
2019-09-07;0.0;0.0;2.901666666666667
2019-09-08;0.0;0.2;1.5824999999999998
2019-09-09;0.0;0.0;1.2566666666666666
2019-09-10;0.0;0.0;1.1075
2019-09-11;0.0;0.0;1.035
2019-09-12;0.4;0.4;1.02
2019-09-13;0.0;0.0;1.015
2019-09-14;0.8;0.8;1.02
2019-09-15;0.0;0.2;1.075
2019-09-16;0.0;0.0;1.055
2019-09-17;0.0;0.0;1.005
2019-09-18;8.200000000000001;9.8;1.015
2019-09-19;5.0;7.0;1.2029166666666666
2019-09-20;3.8;5.6;1.7854166666666669
2019-09-21;0.0;0.0;1.59375
2019-09-22;0.0;0.0;1.3529166666666663
2019-09-23;0.0;0.0;1.13
2019-09-24;0.0;0.0;1.0275
2019-09-25;0.8;0.0;1.02
2019-09-26;0.0;3.6;1.02
2019-09-27;0.0;0.2;0.9775
2019-09-28;0.0;0.0;0.9425
2019-09-29;0.0;0.0;0.9
2019-09-30;0.0;0.4;0.925
2019-10-01;0.0;0.2;1.0025
2019-10-02;0.0;0.0;1.0675
2019-10-03;0.6000000000000001;0.8;0.965
2019-10-04;0.2;0.0;0.96
2019-10-05;3.0;3.8;0.96
2019-10-06;9.4;10.0;1.8208333333333333
2019-10-07;0.2;0.6000000000000001;1.924583333333333
2019-10-08;0.0;0.0;1.35125
2019-10-09;0.0;0.0;1.085
2019-10-10;0.0;0.0;0.9925
2019-10-11;0.0;0.0;0.94
2019-10-12;0.0;0.0;0.9
2019-10-13;13.0;9.8;0.8975
2019-10-14;3.6;3.0;1.06
2019-10-15;2.0;3.6;2.770833333333333
2019-10-16;10.0;8.6;3.470416666666667
2019-10-17;29.6;16.2;12.969583333333333
2019-10-18;12.4;2.2;4.969166666666667
2019-10-19;0.0;0.2;2.6275
2019-10-20;0.0;0.0;1.7074999999999998
2019-10-21;0.8;2.0;1.3958333333333333
2019-10-22;0.0;0.2;1.2975
2019-10-23;0.0;0.0;1.20125
2019-10-24;13.2;8.0;1.2375
2019-10-25;2.0;2.4;1.61875
2019-10-26;0.2;0.4;1.54875
2019-10-27;23.4;21.6;1.75125
2019-10-28;1.2;5.6000000000000005;6.3775
2019-10-29;9.2;7.6;2.59875
2019-10-30;0.0;0.2;2.9308333333333336
2019-10-31;9.2;11.6;2.5575
2019-11-01;1.6;2.2;3.68375
2019-11-02;5.6;3.0;5.655833333333334
2019-11-03;0.6000000000000001;1.8;2.6095833333333336
2019-11-04;17.6;22.200000000000003;1.96125
2019-11-05;10.8;12.2;8.934166666666668
2019-11-06;0.0;0.0;2.999166666666667
2019-11-07;3.4;2.4;2.0883333333333334
2019-11-08;0.0;0.4;2.00625
2019-11-09;9.8;10.2;1.78
2019-11-10;34.8;29.6;14.77375
2019-11-11;35.4;25.0;42.05166666666667
2019-11-12;28.6;34.0;10.637916666666667
2019-11-13;30.0;19.8;23.87833333333333
2019-11-14;3.2;22.6;50.83291666666667
2019-11-15;0.0;0.4;10.406666666666666
2019-11-16;0.0;0.0;5.546250000000001
2019-11-17;0.0;0.0;4.070416666666667
2019-11-18;0.0;0.0;3.3016666666666663
2019-11-19;0.4;0.0;2.83
2019-11-20;0.2;0.0;2.5691666666666664
2019-11-21;1.4;1.6;2.433333333333333
2019-11-22;0.0;0.0;2.225
2019-11-23;0.6000000000000001;0.0;2.08875
2019-11-24;0.0;0.0;2.05875
2019-11-25;0.0;0.0;1.8825
2019-11-26;7.2;7.6;1.7633333333333334
2019-11-27;4.2;4.0;2.8775
2019-11-28;0.0;0.0;2.119166666666666
2019-11-29;0.0;0.0;1.75125
2019-11-30;0.0;0.0;1.6466666666666665
2019-12-01;4.8;1.2;1.6495833333333334
2019-12-02;0.0;0.0;1.70125
2019-12-03;0.0;0.0;1.5008333333333337
2019-12-04;0.0;0.0;1.43
2019-12-05;30.4;15.8;1.6754166666666668
2019-12-06;0.0;0.0;1.6900000000000002
2019-12-07;0.0;0.0;1.4349999999999998
2019-12-08;0.0;0.0;1.3500000000000003
2019-12-09;0.4;0.6000000000000001;1.3033333333333337
2019-12-10;0.0;0.0;1.2829166666666667
2019-12-11;0.0;0.0;1.28
2019-12-12;9.0;8.200000000000001;1.3525
2019-12-13;0.0;0.0;1.76375
2019-12-14;0.0;0.0;1.309583333333333
2019-12-15;11.4;6.8;2.44875
2019-12-16;6.2;6.4;2.049583333333333
2019-12-17;10.6;14.2;3.4170833333333337
2019-12-18;2.0;2.2;6.089583333333334
2019-12-19;0.2;1.8;2.0529166666666665
2019-12-20;0.0;0.0;1.6454166666666667
2019-12-21;6.4;3.4;1.5333333333333332
2019-12-22;0.0;0.2;1.6629166666666666
2019-12-23;0.0;0.0;1.4241666666666666
2019-12-24;0.0;0.0;1.3208333333333335
2019-12-25;0.0;0.8;1.2508333333333332
2019-12-26;0.0;0.0;1.21
2019-12-27;0.0;0.2;1.18375
2019-12-28;0.0;0.0;1.14
2019-12-29;0.0;0.0;1.12
2019-12-30;0.0;0.0;1.08
2019-12-31;0.0;0.0;1.08
2020-01-01;13.0;21.6;7.399166666666667
2020-01-02;7.4;1.0;4.479166666666667
2020-01-03;11.0;3.8;4.4425
2020-01-04;15.2;27.1;36.01958333333334
2020-01-05;0.2;1.52;7.398333333333333
2020-01-06;0.0;0.0;3.135
2020-01-07;3.0;2.8;2.3716666666666666
2020-01-08;2.4000000000000004;2.4;2.460833333333333
2020-01-09;0.0;0.4;2.5170833333333333
2020-01-10;8.8;11.2;2.2445833333333334
2020-01-11;19.2;25.4;19.57708333333333
2020-01-12;0.0;0.0;3.30625
2020-01-13;0.0;0.0;2.40625
2020-01-14;0.4;0.2;2.0820833333333333
2020-01-15;0.0;0.0;1.8975
2020-01-16;3.2;2.4;1.9933333333333327
2020-01-17;0.0;0.0;1.895
2020-01-18;0.0;0.0;1.6900000000000002
2020-01-19;0.0;0.0;1.6333333333333335
2020-01-20;0.6000000000000001;0.0;1.5766666666666669
2020-01-21;2.6;0.0;1.5033333333333332
2020-01-22;8.4;9.0;1.5720833333333333
2020-01-23;18.8;18.8;9.42125
2020-01-24;10.8;11.6;13.54125
2020-01-25;0.0;0.0;3.811666666666667
2020-01-26;0.0;0.0;2.402083333333333
2020-01-27;25.2;31.000000000000004;13.60875
2020-01-28;0.0;0.0;7.17875
2020-01-29;7.199999999999999;8.4;3.210833333333333
2020-01-30;0.8;0.2;3.290833333333333
2020-01-31;2.4;0.0;3.077083333333333
2020-02-01;0.2;0.0;3.1162500000000004
2020-02-02;0.2;1.8;2.358333333333333
2020-02-03;2.2;0.2;3.055
2020-02-04;22.0;28.6;10.420833333333333
2020-02-05;3.6521282368420307;3.8;6.46
2020-02-06;66.8;64.4;33.034166666666664
2020-02-07;1.0;107.8;60.81333333333333
2020-02-08;0.4;23.4;41.40208333333333
2020-02-09;0.0;2.2;11.071666666666667
2020-02-10;0.0;0.2;7.327916666666667
2020-02-11;0.0;0.4;5.458749999999999
2020-02-12;2.0;12.2;4.962916666666667
2020-02-13;0.0;0.2;4.1745833333333335
2020-02-14;0.0;0.0;3.51
2020-02-15;0.0;0.0;3.080833333333333
2020-02-16;0.0;0.0;2.784166666666667
2020-02-17;0.0;0.0;2.57375
2020-02-18;0.0;0.0;2.3791666666666664
2020-02-19;0.2;18.0;2.270833333333333
2020-02-20;0.8;1.0;2.1875000000000004
2020-02-21;0.0;0.0;2.0812500000000003
2020-02-22;0.0;0.0;1.96125
2020-02-23;0.0;0.0;1.83
2020-02-24;0.0;0.0;1.8033333333333328
2020-02-25;0.8;0.6000000000000001;1.75
2020-02-26;47.8;48.0;8.106250000000001
2020-02-27;0.0;0.0;2.7045833333333333
2020-02-28;0.0;0.0;1.935
2020-02-29;0.0;0.0;1.7420833333333334
2020-03-01;0.0;0.0;1.6466666666666665
2020-03-02;9.0;15.4;1.877916666666667
2020-03-03;5.8;8.600000000000001;2.56125
2020-03-04;0.2;0.2;2.681666666666666
2020-03-05;0.0;0.0;1.7725
2020-03-06;0.0;0.0;1.606666666666667
2020-03-07;0.0;0.0;1.5466666666666669
2020-03-08;0.0;0.0;1.4854166666666666
2020-03-09;0.0;0.0;1.43
2020-03-10;0.0;0.0;1.3500000000000003
2020-03-11;0.0;0.0;1.3179166666666668
2020-03-12;0.0;0.0;1.28
2020-03-13;0.0;0.0;1.27125
2020-03-14;0.0;0.0;1.21
2020-03-15;0.0;0.0;1.21
2020-03-16;3.4;3.8;1.163333333333333
2020-03-17;2.8000000000000003;0.6000000000000001;1.21
2020-03-18;1.4;1.0;1.30625
2020-03-19;0.0;0.2;1.2625
2020-03-20;0.0;0.0;1.2595833333333333
2020-03-21;0.0;0.0;1.1545833333333333
2020-03-22;0.2;0.4;1.1458333333333333
2020-03-23;0.2;1.2;1.1866666666666663
2020-03-24;0.0;0.0;1.1125
2020-03-25;0.0;0.0;1.08
2020-03-26;0.6;0.0;1.0625
2020-03-27;5.0;2.4;1.1125
2020-03-28;0.0;0.0;1.0825
2020-03-29;0.8;0.0;1.0225
2020-03-30;0.0;0.2;1.02
2020-03-31;5.6;5.4;1.1466666666666667
2020-04-01;0.0;0.2;1.6191666666666666
2020-04-02;0.4;0.2;1.1516666666666666
2020-04-03;0.0;0.0;1.0725
2020-04-04;0.0;0.0;0.985
2020-04-05;0.0;0.0;0.96
2020-04-06;6.6000000000000005;9.0;0.98
2020-04-07;0.2;0.2;1.16
2020-04-08;0.0;0.0;0.99
2020-04-09;0.0;0.0;0.9075
2020-04-10;0.0;0.0;0.9
2020-04-11;0.0;0.0;0.8850000000000001
2020-04-12;0.0;0.0;0.85
2020-04-13;0.0;0.0;0.84
2020-04-14;5.2;3.6;0.91
2020-04-15;0.0;0.0;0.8875000000000001
2020-04-16;0.0;0.0;0.8316666666666667
2020-04-17;0.0;0.0;0.79
2020-04-18;0.0;0.0;0.79
2020-04-19;0.0;0.0;0.79
2020-04-20;0.0;0.0;0.79
2020-04-21;0.0;0.0;0.79
2020-04-22;0.0;0.0;0.79
2020-04-23;0.0;0.0;0.7858333333333333
2020-04-24;0.0;0.0;0.7733333333333334
2020-04-25;0.0;0.0;0.7420833333333333
2020-04-26;0.0;0.0;0.7399999999999999
2020-04-27;3.6;0.0;0.75875
2020-04-28;12.0;11.4;1.252916666666667
2020-04-29;0.0;0.0;1.2620833333333332
2020-04-30;0.0;0.0;0.8975
2020-05-01;0.0;0.0;0.8170833333333333
2020-05-02;0.0;0.0;0.79
2020-05-03;0.0;0.0;0.7525
2020-05-04;0.0;0.0;0.7399999999999999
2020-05-05;0.0;0.2;0.7399999999999999
2020-05-06;2.4;2.6;0.765
2020-05-07;0.0;0.0;0.7545833333333333
2020-05-08;0.0;0.0;0.7108333333333333
2020-05-09;0.0;0.0;0.69
2020-05-10;0.0;0.0;0.69
2020-05-11;0.0;0.0;0.69
2020-05-12;0.0;0.0;0.69
2020-05-13;2.0;2.8;0.69
2020-05-14;0.0;0.2;0.7004166666666666
2020-05-15;0.0;0.0;0.6774999999999999
2020-05-16;0.0;0.0;0.6629166666666667
2020-05-17;0.0;0.0;0.64
2020-05-18;0.0;0.0;0.64
2020-05-19;0.0;0.0;0.64
2020-05-20;0.0;0.0;0.64
2020-05-21;0.0;0.0;0.64
2020-05-22;1.2000000000000002;3.2;0.6691666666666666
2020-05-23;0.0;0.0;0.67125
2020-05-24;0.0;0.0;0.63375
2020-05-25;0.0;0.0;0.6108333333333333
2020-05-26;0.0;0.0;0.59
2020-05-27;0.0;0.0;0.59
2020-05-28;0.0;0.0;0.59
2020-05-29;0.0;0.0;0.59
2020-05-30;9.771428571428572;8.485714285714286;0.43
2020-05-31;0.0;0.0;0.5716666666666667
2020-06-01;0.2;0.6000000000000001;0.5766666666666667
2020-06-02;0.0;0.4;0.59
2020-06-03;0.0;0.0;0.59
2020-06-04;1.0;0.8;0.59
2020-06-05;63.6;45.2;1.8529166666666663
2020-06-06;29.6;30.2;20.738333333333333
2020-06-07;0.0;0.0;1.8483333333333327
2020-06-08;0.0;0.0;1.1033333333333333
2020-06-09;23.6;16.2;1.7966666666666669
2020-06-10;0.2;15.2;5.172916666666667
2020-06-11;0.0;0.4;9.09
2020-06-12;0.0;0.0;1.923333333333333
2020-06-13;0.0;0.6000000000000001;1.3533333333333335
2020-06-14;0.0;0.0;1.137916666666667
2020-06-15;0.0;0.0;1.025
2020-06-16;2.4000000000000004;1.4;0.965
2020-06-17;3.6;3.2;2.8383333333333334
2020-06-18;0.0;0.0;2.4633333333333334
2020-06-19;0.0;0.0;1.8870833333333328
2020-06-20;0.0;0.0;1.5220833333333337
2020-06-21;0.0;0.0;1.3462500000000002
2020-06-22;0.0;0.0;1.2391666666666663
2020-06-23;0.0;0.0;1.21
2020-06-24;0.0;0.0;1.14
2020-06-25;4.6000000000000005;5.800000000000001;1.1025
2020-06-26;0.0;0.0;0.89125
2020-06-27;7.2;6.0;0.5333333333333333
2020-06-28;0.0;0.0;0.6525
2020-06-29;2.8;1.8;0.56
2020-06-30;18.0;19.4;4.09125
2020-07-01;0.0;0.4;2.498333333333333
2020-07-02;0.4;0.0;0.9679166666666666
2020-07-03;0.0;0.0;0.7629166666666666
2020-07-04;0.0;0.0;0.6795833333333333
2020-07-05;3.4000000000000004;8.4;0.64
2020-07-06;4.4;3.2;0.6733333333333333
2020-07-07;30.4;22.8;6.100833333333333
2020-07-08;6.6000000000000005;7.2;2.9483333333333337
2020-07-09;0.0;0.2;1.7833333333333332
2020-07-10;0.0;0.0;1.1058333333333332
2020-07-11;23.0;22.2;0.98125
2020-07-12;3.0;0.4;2.6950000000000003
2020-07-13;3.4000000000000004;5.0;1.367916666666667
2020-07-14;0.2;0.0;1.14125
2020-07-15;0.0;0.0;0.9575
2020-07-16;11.65653737746309;13.2;0.34
2020-07-17;6.6;7.0;4.65
2020-07-18;0.4163032651016021;0.0;0.82
2020-07-19;0.4163032651016021;0.0;0.34
2020-07-20;0.4163032651016021;0.0;0.33
2020-07-21;0.4163032651016021;0.0;0.33
2020-07-22;0.4163032651016021;0.0;0.32
2020-07-23;0.4163032651016021;0.0;0.32
2020-07-24;0.0;0.0;1.3500000000000003
2020-07-25;0.0;0.0;1.3004166666666668
2020-07-26;0.0;0.0;1.2625
2020-07-27;0.6000000000000001;0.4;1.2245833333333334
2020-07-28;14.2;10.6;1.2691666666666668
2020-07-29;0.0;0.0;1.46125
2020-07-30;0.0;0.0;1.28
2020-07-31;1.6;1.0;1.2275
2020-08-01;0.0;0.0;1.28
2020-08-02;0.0;0.0;1.21875
2020-08-03;0.0;0.0;1.1429166666666666
2020-08-04;0.0;0.0;1.1
2020-08-05;0.0;0.0;1.08
2020-08-06;0.0;0.0;1.08
2020-08-07;0.0;0.0;1.0375
2020-08-08;0.0;0.0;1.02
2020-08-09;0.0;0.0;1.02
2020-08-10;0.0;0.0;1.0075
2020-08-11;0.0;0.0;0.965
2020-08-12;20.8;22.6;0.9904166666666666
2020-08-13;12.2;21.6;2.87375
2020-08-14;25.0;33.0;1.7520833333333332
2020-08-15;44.4;43.6;31.07583333333333
2020-08-16;5.6;3.4;3.38875
2020-08-17;0.6;6.8;4.17125
2020-08-18;3.6;1.4;3.140833333333333
2020-08-19;11.8;9.8;3.74125
2020-08-20;1.6;1.4;5.6575
2020-08-21;0.0;0.0;3.2691666666666666
2020-08-22;0.0;0.0;2.4366666666666665
2020-08-23;1.6;1.0;2.0866666666666664
2020-08-24;0.4;0.2;2.245833333333333
2020-08-25;0.0;0.0;1.965
2020-08-26;0.0;0.0;1.7479166666666668
2020-08-27;0.0;0.0;1.61
2020-08-28;0.0;0.0;1.51
2020-08-29;0.0;0.0;1.4562499999999998
2020-08-30;0.0;0.0;1.3866666666666667
2020-08-31;0.0;0.2;1.3500000000000003
2020-09-01;2.4000000000000004;3.0;1.356666666666667
2020-09-02;3.2;1.4;3.4683333333333333
2020-09-03;6.4;5.800000000000001;2.486666666666667
2020-09-04;0.8;1.6;2.0658333333333334
2020-09-05;0.0;0.0;1.73625
2020-09-06;0.0;0.0;1.6674999999999998
2020-09-07;35.4;36.8;5.021666666666667
2020-09-08;13.8;19.2;23.450416666666666
2020-09-09;18.6;23.0;21.49083333333333
2020-09-10;0.2;1.4;10.298333333333334
2020-09-11;0.0;0.0;5.0225
2020-09-12;0.0;0.0;3.6316666666666655
2020-09-13;0.0;0.0;2.96375
2020-09-14;0.0;0.0;2.575
2020-09-15;0.0;0.0;2.2583333333333333
2020-09-16;0.0;0.0;2.1375
2020-09-17;6.8;9.8;2.279166666666667
2020-09-18;0.0;0.0;2.183333333333333
2020-09-19;0.2;0.0;1.9875
2020-09-20;0.0;0.0;1.83125
2020-09-21;0.0;0.0;1.74625
2020-09-22;0.0;0.0;1.66
2020-09-23;0.0;0.0;1.606666666666667
2020-09-24;0.0;0.0;1.58
2020-09-25;0.0;0.0;1.5133333333333334
2020-09-26;0.0;0.0;1.4795833333333333
2020-09-27;8.0;5.4;1.4725
2020-09-28;17.6;17.0;2.9375
2020-09-29;0.0;0.0;2.02375
2020-09-30;9.4;13.6;1.665
2020-10-01;0.0;0.2;2.4266666666666667
2020-10-02;0.0;0.0;1.8016666666666667
2020-10-03;3.6;1.7999999999999998;1.5433333333333332
2020-10-04;17.2;18.2;5.6745833333333335
2020-10-05;6.8;6.4;10.695
2020-10-06;0.6000000000000001;0.4;3.8370833333333336
2020-10-07;0.8;9.4;2.66125
2020-10-08;1.8;2.0;2.2666666666666666
2020-10-09;9.2;8.4;2.1958333333333333
2020-10-10;0.2;0.4;2.38875
2020-10-11;0.0;0.0;1.99125
2020-10-12;0.0;0.0;1.8066666666666664
2020-10-13;0.0;0.0;1.6900000000000002
2020-10-14;0.0;0.0;1.6466666666666665
2020-10-15;0.0;0.0;1.57
2020-10-16;0.0;0.0;1.5
2020-10-17;0.0;0.0;1.4358333333333333
2020-10-18;0.0;0.0;1.4233333333333331
2020-10-19;2.4000000000000004;1.4;1.25
2020-10-20;0.5866098425616246;0.2;1.24
2020-10-21;0.6000000000000001;0.8;1.2770833333333331
2020-10-22;21.0;23.0;7.885833333333333
2020-10-23;8.200000000000001;7.6;17.734583333333333
2020-10-24;0.0;0.6000000000000001;4.079583333333333
2020-10-25;11.4;0.4;2.6791666666666667
2020-10-26;19.4;4.800000000000001;5.073333333333333
2020-10-27;22.8;13.4;14.055833333333332
2020-10-28;0.0;0.0;4.166666666666667
2020-10-29;0.4163032651016021;0.0;0.74
2020-10-30;6.8;11.6;3.0
2020-10-31;1.2000000000000002;0.2;2.72
2020-11-01;0.2;0.2;3.209583333333333
2020-11-02;0.0;0.0;2.5691666666666664
2020-11-03;5.8;4.0;4.834583333333334
2020-11-04;0.0;0.0;4.167916666666667
2020-11-05;0.0;0.2;2.652083333333333
2020-11-06;0.0;0.0;2.3041666666666667
2020-11-07;0.0;0.0;2.09375
2020-11-08;0.0;0.0;1.9725
2020-11-09;23.6;21.0;2.5454166666666667
2020-11-10;9.0;6.4;6.333333333333333
2020-11-11;1.2;0.0;4.240833333333334
2020-11-12;30.6;18.8;5.374583333333334
2020-11-13;2.2;2.4;11.805833333333334
2020-11-14;0.0;0.2;5.626666666666666
2020-11-15;4.0;1.0;3.704583333333333
2020-11-16;21.8;26.2;13.459583333333333
2020-11-17;0.0;0.0;10.76125
2020-11-18;2.2;3.6;4.545416666666667
2020-11-19;1.4381427298617373;1.2;5.42
2020-11-20;16.8;11.0;7.27625
2020-11-21;2.4000000000000004;0.2;5.701666666666667
2020-11-22;0.0;0.0;3.800416666666667
2020-11-23;0.0;0.0;3.27
2020-11-24;0.0;0.0;2.924166666666667
2020-11-25;0.4163032651016021;0.0;0.9
2020-11-26;0.4163032651016021;0.0;0.83
2020-11-27;8.6;2.6;2.375
2020-11-28;5.0;3.2;4.4887500000000005
2020-11-29;0.8;0.0;2.7633333333333336
2020-11-30;52.6;41.8;18.652916666666663
2020-12-01;3.6;4.0;9.315416666666666
2020-12-02;1.6;1.6;4.8933333333333335
2020-12-03;42.6;50.8;24.157083333333333
2020-12-04;0.0;0.0;6.027083333333334
2020-12-05;4.2;3.6;4.639583333333333
2020-12-06;32.6;40.8;15.279166666666669
2020-12-07;11.2;8.0;18.399166666666662
2020-12-08;2.2;1.4;9.54875
2020-12-09;4.6;0.8;6.163333333333333
2020-12-10;0.2;1.2000000000000002;5.0775
2020-12-11;0.0;0.0;4.369166666666667
2020-12-12;3.4000000000000004;13.0;6.21875
2020-12-13;8.6;13.2;5.320833333333334
2020-12-14;7.0;7.2;6.826666666666667
2020-12-15;30.8;38.0;12.51375
2020-12-16;0.2;0.2;5.864166666666667
2020-12-17;52.4;40.6;18.319166666666668
2020-12-18;0.0;0.2;9.093333333333334
2020-12-19;2.0;3.4000000000000004;6.24625
2020-12-20;0.0;0.0;5.0304166666666665
2020-12-21;1.2;1.6;4.435
2020-12-22;0.0;0.0;3.9616666666666656
2020-12-23;23.6;10.8;3.65875
2020-12-24;16.4;19.4;10.3225
2020-12-25;0.0;0.0;6.366666666666667
2020-12-26;0.6000000000000001;2.4;4.37625
2020-12-27;11.0;12.8;6.877083333333334
2020-12-28;6.0;7.6;6.491666666666667
2020-12-29;0.4;4.2;6.9875
2020-12-30;0.0;0.2;4.7375
2020-12-31;6.8;6.6;4.380416666666666
2021-01-01;0.0;0.0;4.8308333333333335
2021-01-02;0.0;0.0;3.7433333333333336
2021-01-03;4.6;13.6;3.310416666666667
2021-01-04;3.4;0.6000000000000001;9.11125
2021-01-05;0.8;0.6;3.727500000000001
2021-01-06;33.6;42.0;7.947083333333334
2021-01-07;20.6;14.8;12.037916666666668
2021-01-08;19.0;7.0;16.388333333333332
2021-01-09;0.0;0.0;8.63625
2021-01-10;0.0;0.8;5.434583333333333
2021-01-11;3.2;11.0;4.7825
2021-01-12;6.2;19.4;7.074583333333333
2021-01-13;0.0;0.0;5.605
2021-01-14;0.6;0.0;5.364166666666667
2021-01-15;12.0;19.0;20.14125
2021-01-16;8.2;8.600000000000001;7.025416666666668
2021-01-17;27.0;40.0;24.339583333333334
2021-01-18;1.8;1.8;12.275833333333331
2021-01-19;8.6;11.2;7.482916666666667
2021-01-20;16.0;27.8;19.67875
2021-01-21;13.6;22.6;29.17625
2021-01-22;27.2;35.4;36.85583333333333
2021-01-23;10.4;12.8;19.45083333333333
2021-01-24;28.2;81.0;20.0725
2021-01-25;2.8000000000000003;5.2;16.140833333333333
2021-01-26;2.4;5.6000000000000005;11.2475
2021-01-27;0.7999999999999999;4.199999999999999;9.200416666666667
2021-01-28;54.8;38.0;30.324583333333333
2021-01-29;12.2;21.8;90.18916666666668
2021-01-30;0.4;1.0;18.93458333333333
2021-01-31;0.0;0.0;12.40875
2021-02-01;48.8;28.8;14.275833333333331
2021-02-02;0.0;0.6000000000000001;11.310833333333331
2021-02-03;0.0;0.2;8.765
2021-02-04;0.2;3.4000000000000004;7.502916666666667
2021-02-05;0.0;0.0;6.56125
2021-02-06;0.0;0.0;5.83875
2021-02-07;0.0;0.0;5.335416666666667
2021-02-08;0.0;0.0;4.94125
2021-02-09;0.0;0.0;4.595
2021-02-10;0.0;0.2;4.323333333333333
2021-02-11;0.0;12.0;4.101666666666667
2021-02-12;0.0;33.2;5.348333333333334
2021-02-13;0.0;4.2;7.517499999999999
2021-02-14;0.4;27.2;13.83875
2021-02-15;2.2;22.8;10.54625
2021-02-16;0.2;27.200000000000003;15.300416666666663
2021-02-17;5.2;3.2;13.0175
2021-02-18;0.0;0.2;8.203750000000001
2021-02-19;4.4;0.6;5.680833333333333
2021-02-20;0.0;0.0;4.99125
2021-02-21;0.0;0.0;4.367916666666667
2021-02-22;0.0;0.0;4.025833333333334
2021-02-23;17.400000000000002;5.6;4.744166666666667
2021-02-24;22.2;30.000000000000004;7.002083333333334
2021-02-25;12.2;33.4;8.703333333333333
2021-02-26;10.8;11.6;6.21625
2021-02-27;15.4;18.0;35.69916666666666
2021-02-28;23.0;38.8;67.27
2021-03-01;12.8;27.6;26.18125
2021-03-02;31.0;58.8;25.83
2021-03-03;0.0;39.4;46.68666666666667
2021-03-04;0.8;9.4;17.59625
2021-03-05;0.0;20.4;12.97375
2021-03-06;0.0;7.0;10.587083333333334
2021-03-07;0.4;0.2;8.716666666666667
2021-03-08;5.800000000000001;16.0;7.5375
2021-03-09;20.4;12.4;10.626666666666669
2021-03-10;0.0;0.0;7.167083333333333
2021-03-11;0.0;0.0;6.12125
2021-03-12;0.0;0.4;5.609583333333333
2021-03-13;0.0;0.2;5.272083333333334
2021-03-14;11.2;12.8;5.66125
2021-03-15;0.2;0.0;7.5475
2021-03-16;0.0;0.0;5.965416666666666
2021-03-17;0.2;0.0;4.76375
2021-03-18;0.6000000000000001;5.0;4.68875
2021-03-19;0.0;0.0;4.3012500000000005
2021-03-20;0.0;0.0;4.025833333333334
2021-03-21;0.0;0.0;3.829166666666667
2021-03-22;1.4;3.0;3.68
2021-03-23;9.0;11.6;3.945833333333333
2021-03-24;0.2;0.0;4.85625
2021-03-25;0.0;0.0;3.7395833333333335
2021-03-26;7.4;0.0;5.014583333333333
2021-03-27;6.4;3.3600000000000003;9.22125
2021-03-28;10.0;13.4;7.157916666666666
2021-03-29;11.6;9.2;8.755
2021-03-30;0.2;0.0;5.740416666666667
2021-03-31;0.0;0.0;4.22
2021-04-01;0.0;0.0;3.7779166666666666
2021-04-02;0.4;0.0;3.53375
2021-04-03;8.4;6.6;3.7295833333333337
2021-04-04;1.6;0.2;3.998333333333333
2021-04-05;2.0;4.6;5.939166666666666
2021-04-06;8.2;8.0;4.18125
2021-04-07;23.4;31.8;4.434166666666667
2021-04-08;24.0;16.400000000000002;18.74833333333333
2021-04-09;0.0;0.2;7.380416666666666
2021-04-10;0.0;0.0;4.716666666666667
2021-04-11;0.0;0.0;3.991666666666666
2021-04-12;0.0;0.0;3.5716666666666668
2021-04-13;0.0;0.0;3.32
2021-04-14;0.0;0.0;3.145
2021-04-15;0.0;0.0;3.02
2021-04-16;0.0;0.0;2.907916666666667
2021-04-17;23.8;2.8;3.157916666666667
2021-04-18;2.2;0.4;3.41
2021-04-19;6.2;2.8000000000000003;5.515
2021-04-20;0.0;0.2;4.764583333333333
2021-04-21;64.8;62.0;33.117916666666666
2021-04-22;0.2;0.2;20.89958333333333
2021-04-23;0.8;0.0;6.175833333333333
2021-04-24;0.0;0.0;4.919583333333333
2021-04-25;0.0;0.0;4.248333333333334
2021-04-26;0.0;0.0;3.8025
2021-04-27;0.0;0.0;3.4804166666666667
2021-04-28;0.0;0.0;3.27
2021-04-29;0.0;0.0;3.1
2021-04-30;0.0;0.0;2.9308333333333336
2021-05-01;0.0;0.0;2.83
2021-05-02;0.4;0.0;2.8070833333333334
2021-05-03;0.0;0.0;2.7016666666666667
2021-05-04;0.0;0.0;2.61
2021-05-05;7.800000000000001;7.0;2.532083333333333
2021-05-06;29.4;29.8;7.659166666666667
2021-05-07;0.0;0.0;6.965
2021-05-08;0.0;0.0;3.1758333333333333
2021-05-09;4.2;1.6;2.797916666666667
2021-05-10;15.0;10.0;6.633333333333333
2021-05-11;1.7999999999999998;1.8;3.84125
2021-05-12;10.6;13.4;5.870416666666667
2021-05-13;0.0;0.2;3.8316666666666666
2021-05-14;0.0;0.0;3.1300000000000003
2021-05-15;0.0;0.0;2.9033333333333338
2021-05-16;0.0;0.0;2.7612500000000004
2021-05-17;0.0;0.0;2.65125
2021-05-18;0.0;0.0;2.5091666666666668
2021-05-19;0.0;0.0;2.408333333333333
2021-05-20;0.0;0.0;2.3833333333333333
2021-05-21;0.8;0.8;2.3
2021-05-22;18.0;17.6;4.875416666666667
2021-05-23;0.0;0.0;2.714166666666667
2021-05-24;0.0;0.0;2.3208333333333333
2021-05-25;0.0;0.0;2.2
2021-05-26;0.0;0.0;2.1333333333333333
2021-05-27;0.0;0.0;2.1
2021-05-28;0.0;0.0;2.05125
2021-05-29;29.4;29.0;6.9816666666666665
2021-05-30;0.0;0.0;2.85625
2021-05-31;0.0;0.0;2.433333333333333
2021-06-01;0.0;0.0;2.2791666666666663
2021-06-02;0.0;0.0;2.1875000000000004
2021-06-03;0.0;0.0;2.1
2021-06-04;0.0;0.0;2.0925
2021-06-05;0.0;0.0;2.01
2021-06-06;6.8;7.8;2.01375
2021-06-07;9.8;10.0;4.375416666666667
2021-06-08;20.8;24.0;5.552083333333333
2021-06-09;42.4;61.8;90.42375
2021-06-10;8.4;6.8;13.560833333333331
2021-06-11;0.2;0.0;9.8425
2021-06-12;0.0;0.0;5.962083333333333
2021-06-13;0.0;0.0;4.835
2021-06-14;0.0;0.0;4.206666666666667
2021-06-15;0.0;0.0;3.795833333333334
2021-06-16;0.0;0.0;3.5175
2021-06-17;0.2;0.0;3.285
2021-06-18;0.0;0.0;3.1300000000000003
2021-06-19;31.4;91.4;48.02166666666667
2021-06-20;0.0;5.4;32.10125
2021-06-21;1.2;0.8;8.84875
2021-06-22;0.2;0.6000000000000001;6.595
2021-06-23;1.4;0.4;5.595833333333334
2021-06-24;0.6000000000000001;1.0;5.2525
2021-06-25;0.0;0.2;4.958749999999999
2021-06-26;18.2;16.4;6.939166666666666
2021-06-27;3.0;7.2;4.791666666666667
2021-06-28;53.4;53.8;22.290000000000003
2021-06-29;3.4;2.6;22.139166666666668
2021-06-30;0.0;0.2;7.476666666666667
2021-07-01;0.0;0.0;6.070416666666667
2021-07-02;0.0;0.0;5.388750000000001
2021-07-03;0.0;0.0;4.8325000000000005
2021-07-04;0.0;0.0;4.457916666666667
2021-07-05;0.0;0.0;4.183333333333334
2021-07-06;4.2;4.2;3.95
2021-07-07;0.2;0.4;4.072500000000001
2021-07-08;0.0;0.0;3.701666666666666
2021-07-09;0.0;0.0;3.485
2021-07-10;0.0;0.0;3.37
2021-07-11;0.0;0.0;3.19
2021-07-12;0.0;0.0;3.06
2021-07-13;0.0;0.0;3.015
2021-07-14;0.0;0.0;2.9125
2021-07-15;3.8;4.2;2.8575
2021-07-16;0.0;0.0;2.839166666666667
2021-07-17;2.6;1.8;2.8575
2021-07-18;0.0;0.0;2.72
2021-07-19;0.0;0.0;2.504583333333333
2021-07-20;0.0;0.0;2.4
2021-07-21;0.0;0.0;2.395833333333333
2021-07-22;0.0;0.0;2.3
2021-07-23;0.0;0.0;2.295833333333333
2021-07-24;0.0;0.0;2.25
2021-07-25;0.0;0.0;2.2
2021-07-26;0.0;0.0;2.1958333333333333
2021-07-27;9.8;12.6;2.311666666666667
2021-07-28;0.6;0.0;2.313333333333333
2021-07-29;0.0;0.0;2.05875
2021-07-30;0.0;0.0;2.01
2021-07-31;0.0;0.0;2.0025
2021-08-01;0.4;0.64;2.01
2021-08-02;0.0;0.0;2.01
2021-08-03;0.0;0.0;1.99125
2021-08-04;0.0;0.0;1.92
2021-08-05;6.8;10.6;2.23
2021-08-06;1.2;0.2;2.3979166666666667
2021-08-07;7.4;3.6;5.5825
2021-08-08;0.0;0.0;3.060416666666667
2021-08-09;0.0;0.0;2.270833333333333
2021-08-10;3.2;3.6;2.06625
2021-08-11;11.4;12.4;3.2470833333333338
2021-08-12;0.0;0.0;2.4133333333333336
2021-08-13;1.6;2.4;2.085
2021-08-14;12.0;7.2;4.70625
2021-08-15;0.0;0.0;3.1320833333333336
2021-08-16;0.2;1.52;2.4475
2021-08-17;0.0;0.0;2.2208333333333337
2021-08-18;0.0;0.0;2.0812500000000003
2021-08-19;0.0;0.0;2.0025
2021-08-20;0.0;0.0;1.905
2021-08-21;0.0;0.0;1.8166666666666669
2021-08-22;0.0;0.0;1.75
2021-08-23;0.0;0.0;1.74625
2021-08-24;0.2;0.2;1.705
2021-08-25;0.4;2.8000000000000003;1.6749999999999998
2021-08-26;2.0;2.0;1.66
2021-08-27;0.0;0.0;1.63
2021-08-28;0.0;0.0;1.58
2021-08-29;1.6;1.4;1.6266666666666667
2021-08-30;6.8;6.4;1.9475
2021-08-31;1.6;0.2;3.460833333333333
2021-09-01;0.0;0.2;2.0570833333333334
2021-09-02;0.0;0.0;1.825416666666667
2021-09-03;6.800000000000001;2.4;1.7291666666666667
2021-09-04;2.6;1.2;1.7633333333333334
2021-09-05;4.6;5.8;1.95875
2021-09-06;0.2;1.6;1.8016666666666667
2021-09-07;30.6;50.8;9.375
2021-09-08;25.6;22.8;22.757500000000004
2021-09-09;0.2;0.2;8.383750000000001
2021-09-10;0.0;0.0;3.52
2021-09-11;0.0;0.0;2.752083333333333
2021-09-12;0.0;0.0;2.45
2021-09-13;0.0;0.0;2.275
2021-09-14;19.6;17.2;4.645833333333333
2021-09-15;0.0;0.0;3.022083333333333
2021-09-16;1.8;4.2;2.375
2021-09-17;41.4;41.2;13.379166666666668
2021-09-18;1.2000000000000002;0.6000000000000001;10.627083333333331
2021-09-19;0.0;0.0;4.2575
2021-09-20;1.2000000000000002;1.2000000000000002;3.686666666666667
2021-09-21;0.0;0.2;3.21125
2021-09-22;0.0;0.0;2.7475
2021-09-23;0.0;0.0;2.5195833333333333
2021-09-24;1.6;1.6;2.4
2021-09-25;0.0;0.2;2.295833333333333
2021-09-26;0.0;0.0;2.191666666666667
2021-09-27;0.0;0.0;2.09625
2021-09-28;13.4;24.200000000000003;2.025416666666666
2021-09-29;5.6000000000000005;7.8;2.637916666666667
2021-09-30;11.8;10.6;2.7929166666666667
2021-10-01;31.4;28.0;19.235833333333336
2021-10-02;0.0;0.0;4.13375
2021-10-03;0.4;0.4;3.1750000000000003
2021-10-04;2.0;1.4;2.848333333333333
2021-10-05;0.0;0.0;2.7062500000000003
2021-10-06;16.2;20.2;3.861666666666667
2021-10-07;2.2;2.2;5.864583333333333
2021-10-08;9.783165025402843;11.0;3.155416666666667
2021-10-09;40.4;24.8;21.21291666666667
2021-10-10;8.2;3.6;17.768333333333334
2021-10-11;18.6;14.6;13.757916666666668
2021-10-12;205.8;133.6;154.45208333333332
2021-10-13;8.6;6.4;47.72125
2021-10-14;3.0;0.8;23.746666666666663
2021-10-15;16.8;9.0;17.483333333333334
2021-10-16;0.4;0.4;14.739166666666668
2021-10-17;8.0;10.2;10.163333333333334
2021-10-18;1.6;1.2000000000000002;10.19375
2021-10-19;0.2;0.2;7.965833333333333
2021-10-20;6.4;0.4;6.636666666666667
2021-10-21;6.8;5.2;8.92125
2021-10-22;0.0;0.0;6.230416666666667
2021-10-23;2.4;2.4;5.442916666666666
2021-10-24;0.0;0.2;5.0525
2021-10-25;0.0;0.0;4.538749999999999
2021-10-26;0.0;0.0;4.235833333333334
2021-10-27;0.0;0.0;3.938333333333333
2021-10-28;0.0;0.0;3.7775
2021-10-29;15.6;11.6;5.858750000000001
2021-10-30;40.0;20.8;13.881666666666668
2021-10-31;50.0;42.2;31.655416666666667
2021-11-01;3.2;18.8;19.69083333333333
2021-11-02;7.0;1.8;11.977083333333333
2021-11-03;1.8;1.8;7.540833333333333
2021-11-04;0.9272229974816698;0.6000000000000001;4.02
2021-11-05;1.9490624622418051;1.8;7.2375
2021-11-06;12.16745710984316;13.8;10.45125
2021-11-07;0.4163032651016021;0.0;9.55375
2021-11-08;1.0975295749416922;0.7999999999999999;6.357500000000001
2021-11-09;0.7569164200216472;0.4;5.6375
2021-11-10;0.5866098425616246;0.2;5.1175
2021-11-11;0.4163032651016021;0.0;5.075833333333334
2021-11-12;1.0975295749416922;0.8;4.958333333333333
2021-11-13;4.673967701602166;5.0;5.204166666666667
2021-11-14;0.4163032651016021;0.0;4.702083333333333
2021-11-15;0.7569164200216472;0.4;4.195
2021-11-16;0.4163032651016021;0.0;3.95
2021-11-17;0.4163032651016021;0.0;3.755833333333333
2021-11-18;50.9973567707283;59.4;36.72375
2021-11-19;0.5866098425616246;0.2;10.25125
2021-11-20;0.4163032651016021;0.0;6.345
2021-11-21;0.4163032651016021;0.0;5.29375
2021-11-22;0.4163032651016021;0.0;4.72625
2021-11-23;0.4163032651016021;0.0;4.288333333333333
2021-11-24;0.4163032651016021;0.0;4.0025
2021-11-25;0.4163032651016021;0.0;4.22
2021-11-26;9.101938715562753;10.2;4.531666666666667
2021-11-27;0.4163032651016021;0.0;3.740833333333333
2021-11-28;0.4163032651016021;0.0;3.5066666666666664
2021-11-29;0.4163032651016021;0.0;3.37
2021-11-30;0.4163032651016021;0.0;3.145
2021-12-01;0.4163032651016021;0.0;3.0400000000000005
2021-12-02;0.4163032651016021;0.0;2.94
2021-12-03;0.4163032651016021;0.0;2.94
2021-12-04;6.206726898742369;6.8;3.5483333333333333
2021-12-05;53.89256858754869;62.8;3.2770833333333336
2021-12-06;29.53872801076546;34.2;3.90625
2021-12-07;5.355194011442257;5.800000000000001;14.4375
2021-12-08;0.4163032651016021;0.0;4.405
2021-12-09;0.4163032651016021;0.0;3.43875
2021-12-10;0.4163032651016021;0.0;3.16
2021-12-11;2.4599821946218725;2.4;3.25
2021-12-12;13.70021630698336;15.6;9.345
2021-12-13;0.9272229974816698;0.6000000000000001;6.1175
2021-12-14;7.058259786042481;7.8;3.9645833333333336
2021-12-15;7.058259786042481;7.8;7.974583333333334
2021-12-16;0.4163032651016021;0.0;5.296666666666667
2021-12-17;1.6084493073217598;1.4;3.8825
2021-12-18;3.481821659382008;3.6;5.53625
2021-12-19;0.4163032651016021;0.0;5.360833333333333
2021-12-20;0.4163032651016021;0.0;3.68125
2021-12-21;3.311515081921986;3.4000000000000004;3.3654166666666665
2021-12-22;0.7569164200216472;0.4;3.404166666666667
2021-12-23;0.4163032651016021;0.0;3.065
2021-12-24;0.4163032651016021;0.0;2.84375
2021-12-25;0.4163032651016021;0.0;2.73375
2021-12-26;5.184887433982233;5.6;6.7925
2021-12-27;0.5866098425616246;0.2;5.039583333333334
2021-12-28;0.4163032651016021;0.0;3.1008333333333336
2021-12-29;1.2678361524017148;1.0;2.8541666666666665
2021-12-30;1.0975295749416922;0.8;3.835833333333333
2021-12-31;0.5866098425616246;0.2;2.938333333333333
2022-01-01;0.4163032651016021;0.0;2.7016666666666667
2022-01-02;0.4163032651016021;0.0;2.59625
2022-01-03;0.4163032651016021;0.0;2.7245833333333334
2022-01-04;10.464391335242933;11.8;2.5
2022-01-05;29.709034588225478;34.4;5.879583333333333
2022-01-06;7.398872940962528;8.200000000000001;25.6475
2022-01-07;0.4163032651016021;0.0;6.097083333333334
2022-01-08;1.2678361524017148;1.0;4.545833333333333
2022-01-09;1.0975295749416922;0.8;4.629583333333334
2022-01-10;0.5866098425616246;0.2;6.570416666666667
2022-01-11;0.4163032651016021;0.0;4.2804166666666665
2022-01-12;2.3714285714285714;4.699999999999999;3.620416666666667
2022-01-13;2.0285714285714285;2.3999999999999995;3.265
2022-01-14;0.4163032651016021;0.0;2.11
2022-01-15;7.0;4.6;2.28
2022-01-16;0.0;0.0;9.79
2022-01-17;0.0;0.2;8.31
2022-01-18;0.0;0.0;4.44
2022-01-19;1.4;0.0;2.7016666666666667
2022-01-20;1.0;0.0;2.8695833333333334
2022-01-21;0.6000000000000001;0.0;2.614583333333333
2022-01-22;0.0;0.0;2.475
2022-01-23;0.0;0.0;2.375
2022-01-24;0.0;0.0;2.3
2022-01-25;0.0;0.0;2.2208333333333337
2022-01-26;0.6000000000000001;1.4;2.2333333333333334
2022-01-27;3.6;1.0;2.2375000000000003
2022-01-28;11.0;13.6;3.932083333333333
2022-01-29;0.0;0.0;4.378333333333333
2022-01-30;0.0;0.0;4.392083333333333
2022-01-31;4.2;6.8;6.950833333333333
2022-02-01;5.2;0.2;4.7562500000000005
2022-02-02;9.4;16.6;3.28375
2022-02-03;1.0;0.0;3.2525
2022-02-04;13.6;5.8;2.905416666666667
2022-02-05;7.399999999999999;4.6;3.723333333333333
2022-02-06;1.4;7.8;3.079166666666667
2022-02-07;0.0;0.0;2.555833333333333
2022-02-08;0.0;0.0;2.370833333333333
2022-02-09;0.0;0.0;2.2666666666666666
2022-02-10;1.2000000000000002;1.2000000000000002;2.308333333333333
2022-02-11;0.0;1.0;2.1958333333333333
2022-02-12;0.0;0.2;2.1
2022-02-13;14.2;18.6;2.06875
2022-02-14;0.2;0.2;5.156666666666667
2022-02-15;0.0;0.0;2.419166666666667
2022-02-16;0.0;0.0;2.105
2022-02-17;1.4;1.0;2.512083333333333
2022-02-18;6.4;2.4;3.2383333333333333
2022-02-19;0.2;0.2;2.985416666666667
2022-02-20;0.0;0.0;2.2208333333333337
2022-02-21;2.0;6.0;2.1212500000000003
2022-02-22;22.200000000000003;15.0;6.557083333333334
2022-02-23;2.2;2.6;6.254166666666666
2022-02-24;0.0;0.0;2.9575
2022-02-25;1.6;0.2;2.6420833333333333
2022-02-26;0.4;0.64;2.52
2022-02-27;0.4;0.0;2.35
2022-02-28;0.0;0.0;2.1708333333333334
2022-03-01;29.0;19.4;4.067916666666666
2022-03-02;14.8;26.4;7.102916666666666
2022-03-03;2.6;1.8;6.577083333333333
2022-03-04;0.6000000000000001;0.0;3.591666666666667
2022-03-05;0.0;0.0;3.0279166666666666
2022-03-06;9.4;10.4;2.6558333333333333
2022-03-07;3.4;15.2;4.330416666666667
2022-03-08;2.8;4.0;2.94
2022-03-09;1.4;0.0;2.54125
2022-03-10;21.2;34.2;2.4604166666666667
2022-03-11;12.6;4.6000000000000005;7.075
2022-03-12;6.0;8.4;8.665000000000001
2022-03-13;7.2;8.8;8.611666666666666
2022-03-14;0.0;0.0;7.27625
2022-03-15;6.4;15.6;5.2925
2022-03-16;9.6;7.2;12.959583333333333
2022-03-17;0.0;0.0;8.07625
2022-03-18;45.2;35.8;11.721666666666666
2022-03-19;2.6;2.8000000000000003;15.576666666666666
2022-03-20;0.6000000000000001;0.0;6.120416666666667
2022-03-21;3.8;3.0;8.015
2022-03-22;8.6;2.4000000000000004;7.27875
2022-03-23;6.0;1.8;5.649166666666667
2022-03-24;2.2;2.4;10.24875
2022-03-25;0.0;0.0;5.5975
2022-03-26;0.0;0.2;4.474583333333333
2022-03-27;0.0;0.0;3.864166666666667
2022-03-28;0.0;0.0;3.5500000000000003
2022-03-29;0.0;0.0;3.305
2022-03-30;14.6;16.4;3.235
2022-03-31;2.6;5.2;3.4254166666666666
2022-04-01;0.0;0.0;2.9091666666666662
2022-04-02;1.4;0.8;3.120416666666667
2022-04-03;15.2;8.0;4.5129166666666665
2022-04-04;6.4;4.8;9.089583333333334
2022-04-05;0.0;0.2;3.900416666666666
2022-04-06;0.0;0.0;3.2550000000000003
2022-04-07;0.0;0.0;3.02
2022-04-08;2.8;4.6;2.9233333333333333
2022-04-09;0.0;0.2;2.922916666666667
2022-04-10;5.8;7.199999999999999;2.90375
2022-04-11;18.2;18.0;9.7575
2022-04-12;7.6;7.2;7.895833333333333
2022-04-13;0.0;1.0;4.664166666666667
2022-04-14;0.0;0.2;3.767916666666667
2022-04-15;0.0;0.0;3.3275
2022-04-16;0.0;0.0;2.985416666666667
2022-04-17;0.0;0.0;2.83
2022-04-18;0.0;0.0;2.8025
2022-04-19;1.8;0.0;3.168333333333333
2022-04-20;0.0;0.0;3.2291666666666665
2022-04-21;0.0;0.0;2.65125
2022-04-22;1.2;0.8;2.4875000000000003
2022-04-23;0.8;0.6000000000000001;2.4291666666666667
2022-04-24;0.0;0.0;2.3
2022-04-25;0.0;0.0;2.283333333333333
2022-04-26;0.0;0.0;2.2
2022-04-27;0.0;0.0;2.2
2022-04-28;8.6;12.6;2.129166666666667
2022-04-29;0.2;0.2;2.5841666666666665
2022-04-30;0.6000000000000001;0.2;2.2333333333333334
2022-05-01;20.0;21.4;2.9804166666666667
2022-05-02;34.64792533456614;40.2;22.637083333333333
2022-05-03;91.87093536113372;107.4;72.89041666666667
2022-05-04;44.52570682724745;51.8;97.46416666666666
2022-05-05;2.4599821946218725;2.4;88.14
2022-05-06;0.5866098425616246;0.2;16.77
2022-05-07;0.4163032651016021;0.0;10.579166666666667
2022-05-08;0.4163032651016021;0.0;8.156666666666666
2022-05-09;0.4163032651016021;0.0;6.84875
2022-05-10;2.8005953495419176;2.8;6.076666666666667
2022-05-11;2.4599821946218725;2.4;5.780833333333334
2022-05-12;0.4163032651016021;0.0;5.11875
2022-05-13;0.0;0.0;4.68875
2022-05-14;0.0;0.0;4.4262500000000005
2022-05-15;0.0;5.6;4.200833333333334
2022-05-16;0.4;0.0;4.0025
2022-05-17;0.0;0.0;3.717916666666667
2022-05-18;0.2;0.0;3.5499999999999994
2022-05-19;0.0;0.0;3.5066666666666664
2022-05-20;0.0;0.0;3.345
2022-05-21;0.0;0.0;3.225
2022-05-22;0.0;0.0;3.17
2022-05-23;0.0;0.0;3.06
2022-05-24;0.0;0.0;3.03
2022-05-25;0.0;0.0;2.94
2022-05-26;0.0;0.0;2.848333333333333
2022-05-27;0.4;0.4;2.83
2022-05-28;1.4;1.6;2.73375
2022-05-29;24.4;28.0;3.909166666666667
2022-05-30;0.2;0.2;4.29875
2022-05-31;0.0;0.0;3.00125
2022-06-01;16.2;17.8;2.980833333333333
2022-06-02;3.0;2.6;5.8758333333333335
2022-06-03;0.0;0.2;4.039583333333334
2022-06-04;0.0;0.0;3.185833333333333
2022-06-05;23.0;20.8;4.892916666666667
2022-06-06;14.6;17.4;15.780833333333334
2022-06-07;4.2;4.8;6.8566666666666665
2022-06-08;0.0;0.0;6.189166666666666
2022-06-09;0.2;0.2;4.3341666666666665
2022-06-10;0.4;0.4;4.215
2022-06-11;0.0;0.0;3.5029166666666662
2022-06-12;0.0;0.0;3.1650000000000005
2022-06-13;0.0;0.0;2.955
2022-06-14;0.0;0.0;2.8666666666666667
2022-06-15;0.0;0.0;2.81625
2022-06-16;0.0;0.0;2.72
2022-06-17;11.4;7.8;2.8175000000000003
2022-06-18;0.2;0.0;3.36
2022-06-19;0.0;0.0;2.7154166666666666
2022-06-20;0.0;0.0;2.5916666666666663
2022-06-21;10.6;7.4;2.6375
2022-06-22;33.4;27.2;13.5825
2022-06-23;11.0;9.4;5.80875
2022-06-24;5.0;8.8;5.385000000000001
2022-06-25;0.2;0.4;6.189166666666666
2022-06-26;0.0;0.0;4.1466666666666665
2022-06-27;0.0;0.0;3.544583333333333
2022-06-28;0.0;0.0;3.265
2022-06-29;0.0;0.0;3.055
2022-06-30;0.0;0.0;2.848333333333333
2022-07-01;0.0;0.0;2.7291666666666665
2022-07-02;0.0;0.0;2.72
2022-07-03;0.0;0.0;2.61
2022-07-04;0.0;0.0;2.5733333333333333
2022-07-05;0.0;0.0;2.4833333333333334
2022-07-06;0.0;0.0;2.4
2022-07-07;0.0;0.0;2.3166666666666664
2022-07-08;0.0;0.0;2.3
2022-07-09;0.0;0.0;2.3
2022-07-10;0.0;0.0;2.2125
2022-07-11;0.0;0.0;2.2
2022-07-12;2.2;2.4;2.1875000000000004
2022-07-13;0.0;0.0;2.1125000000000003
2022-07-14;14.0;15.6;3.095416666666667
2022-07-15;1.2000000000000002;1.64;5.297916666666667
2022-07-16;1.0;1.2;2.7641666666666667
2022-07-17;0.0;0.0;2.358333333333333
2022-07-18;0.0;0.0;2.1958333333333333
2022-07-19;0.0;0.0;2.1
2022-07-20;0.0;0.0;2.1
2022-07-21;0.0;0.0;2.1
2022-07-22;0.0;0.0;2.01
2022-07-23;0.0;0.0;2.01
2022-07-24;0.0;0.0;1.94625
2022-07-25;0.0;0.0;1.92
2022-07-26;0.0;0.0;1.905
2022-07-27;0.0;0.0;1.83
2022-07-28;2.8;3.4;1.83
2022-07-29;2.4000000000000004;2.8;1.95
2022-07-30;0.0;0.0;1.7766666666666666
2022-07-31;0.0;0.0;1.75
2022-08-01;0.0;0.0;1.75
2022-08-02;0.0;0.0;1.75
2022-08-03;0.0;0.0;1.75
2022-08-04;0.0;0.2;1.75
2022-08-05;0.0;0.0;1.6674999999999998
2022-08-06;14.4;18.6;1.6779166666666665
2022-08-07;18.4;18.6;4.043333333333334
2022-08-08;3.6;5.4;2.7841666666666662
2022-08-09;33.0;44.2;17.265416666666667
2022-08-10;69.2;38.6;77.29041666666667
2022-08-11;1.0;0.4;13.419166666666667
2022-08-12;3.0;2.6;7.269166666666667
2022-08-13;0.2;0.0;5.582083333333333
2022-08-14;0.0;0.2;4.34625
2022-08-15;0.0;0.0;3.841666666666667
2022-08-16;1.0;0.0;3.469583333333333
2022-08-17;0.0;0.4;3.24
2022-08-18;43.6;41.6;16.1225
2022-08-19;0.0;0.0;5.40875
2022-08-20;0.0;0.0;3.9225
2022-08-21;0.0;0.0;3.53375
2022-08-22;1.2;1.0;3.29
2022-08-23;5.2;3.4;3.37
2022-08-24;2.6;1.0;3.64625
2022-08-25;0.2;0.0;3.125
2022-08-26;0.0;0.0;2.921666666666667
2022-08-27;0.0;0.0;2.81625
2022-08-28;1.7999999999999998;1.0;2.710833333333333
2022-08-29;0.0;0.0;2.5825
2022-08-30;0.0;0.0;2.5
2022-08-31;0.0;0.0;2.5
2022-09-01;0.0;0.0;2.4208333333333334
2022-09-02;0.4;0.2;2.4
2022-09-03;0.0;0.2;2.3791666666666664
2022-09-04;0.0;0.0;2.2875
2022-09-05;3.6;1.2000000000000002;2.2416666666666667
2022-09-06;26.4;18.2;4.662916666666667
2022-09-07;10.2;6.0;13.438333333333334
2022-09-08;0.0;0.0;5.019583333333333
2022-09-09;1.4;2.8;3.3925
2022-09-10;0.0;0.0;2.929583333333333
2022-09-11;0.0;0.0;2.6375
2022-09-12;30.6;34.6;4.530833333333334
2022-09-13;1.0;0.8;8.52125
2022-09-14;0.0;0.0;3.5875
2022-09-15;0.0;6.199999999999999;3.4779166666666668
2022-09-16;0.8;11.4;4.5575
2022-09-17;1.0;0.7999999999999999;3.970416666666667
2022-09-18;1.8;1.2;3.2904166666666668
2022-09-19;8.2;7.2;3.285
2022-09-20;0.8;0.2;4.803333333333334
2022-09-21;3.8;4.2;3.2258333333333336
2022-09-22;0.0;0.0;3.0104166666666665
2022-09-23;0.0;0.0;2.72
2022-09-24;0.0;0.0;2.51375
2022-09-25;9.0;10.4;2.484583333333333
2022-09-26;0.4;0.4;2.9491666666666667
2022-09-27;0.0;0.0;2.61
2022-09-28;0.0;0.0;2.4125
2022-09-29;0.0;0.0;2.3166666666666664
2022-09-30;1.0;1.8;2.3375
2022-10-01;17.4;3.4;3.554583333333333
2022-10-02;0.0;0.2;3.4829166666666667
2022-10-03;0.0;0.0;2.560416666666667
2022-10-04;0.0;0.0;2.4
2022-10-05;0.0;0.0;2.3166666666666664
2022-10-06;27.2;29.0;11.904166666666669
2022-10-07;0.0;0.2;7.271249999999999
2022-10-08;0.0;0.0;3.4825
2022-10-09;2.2;1.2;2.922916666666667
2022-10-10;54.8;50.6;22.640416666666667
2022-10-11;15.6;16.8;22.515416666666667
2022-10-12;0.0;0.2;8.245
2022-10-13;0.4;0.0;5.482916666666667
2022-10-14;15.0;16.0;8.627916666666666
2022-10-15;7.0;12.8;18.422083333333333
2022-10-16;25.4;17.2;33.20916666666667
2022-10-17;0.0;0.0;10.853333333333332
2022-10-18;0.0;1.2000000000000002;7.232500000000001
2022-10-19;0.2;0.0;5.962083333333333
2022-10-20;0.2;0.4;5.24625
2022-10-21;12.0;18.6;6.026666666666667
2022-10-22;0.0;0.2;6.134583333333333
2022-10-23;26.0;8.4;7.7775
2022-10-24;0.0;0.2;7.843333333333334
2022-10-25;0.0;0.0;4.797083333333333
2022-10-26;0.0;0.0;4.265
2022-10-27;0.0;0.0;3.955833333333333
2022-10-28;0.0;0.0;3.68
2022-10-29;0.0;0.0;3.5229166666666667
2022-10-30;1.2;1.2;3.355
2022-10-31;0.6000000000000001;0.4;3.2550000000000003
2022-11-01;0.6000000000000001;0.6;3.730833333333333
2022-11-02;0.0;0.0;3.2
2022-11-03;0.0;0.0;2.955
2022-11-04;0.0;0.0;2.880416666666666
2022-11-05;1.4;0.6000000000000001;2.83
2022-11-06;2.0;0.0;2.9425000000000003
2022-11-07;1.0;0.2;2.995
2022-11-08;1.6;0.6;2.880416666666666
2022-11-09;0.0;0.6;2.7612500000000004
2022-11-10;0.0;0.0;2.7016666666666667
2022-11-11;0.0;0.0;2.61
2022-11-12;0.0;0.0;2.587083333333333
2022-11-13;7.0;4.6;2.5641666666666665
2022-11-14;7.0;3.4;4.57125
2022-11-15;0.0;0.0;2.95
2022-11-16;0.0;0.0;3.71
2022-11-17;0.0;0.0;2.07375
2022-11-18;0.0;0.0;2.01
2022-11-19;0.0;0.0;1.9875
2022-11-20;0.0;0.2;1.9575
2022-11-21;0.0;0.0;1.96125
2022-11-22;0.0;0.0;1.92
2022-11-23;3.0;4.24;2.09375
2022-11-24;0.0;0.0;2.130416666666666
2022-11-25;0.4;0.0;3.64
2022-11-26;69.60000000000001;74.60000000000001;42.2875
2022-11-27;75.2;72.2;124.55041666666666
2022-11-28;48.2;39.0414448669201;71.60416666666667
2022-11-29;42.6;50.8;112.05916666666668
2022-11-30;180.2;197.0;170.98041666666666
2022-12-01;192.6;209.0;371.32125
2022-12-02;1.4;1.6;60.33916666666666
2022-12-03;7.4;6.800000000000001;31.542916666666667
2022-12-04;21.2;37.2;27.515
2022-12-05;7.6;17.2;31.433333333333334
2022-12-06;0.0;0.0;17.077916666666667
2022-12-07;0.0;0.0;13.133333333333333
2022-12-08;0.0;0.0;10.968333333333334
2022-12-09;0.4;0.2;9.585833333333332
2022-12-10;0.0;0.0;8.69375
2022-12-11;0.2;0.0;7.966666666666666
2022-12-12;3.6;34.6;8.178749999999999
2022-12-13;0.7999999999999999;0.8;7.997916666666666
2022-12-14;0.0;0.0;6.519166666666667
2022-12-15;0.0;0.0;6.04625
2022-12-16;3.6;27.6;5.79
2022-12-17;0.0;0.0;5.498333333333334
2022-12-18;29.0;29.8;6.197083333333333
2022-12-19;80.2;96.8;45.86333333333334
2022-12-20;95.6;83.6;128.59583333333333
2022-12-21;4.673967701602166;5.0;38.28
2022-12-22;0.6;0.4;17.93875
2022-12-23;1.0;1.2;11.981666666666667
2022-12-24;0.8;0.6000000000000001;9.995416666666667
2022-12-25;3.0;1.2000000000000002;9.969166666666666
2022-12-26;15.4;7.800000000000001;11.43625
2022-12-27;2.6;2.4;8.9275
2022-12-28;25.8;24.8;24.97791666666667
2022-12-29;3.2;0.2;11.812916666666666
2022-12-30;0.0;0.0;8.797083333333333
2022-12-31;0.0;0.0;7.568333333333334
2023-01-01;4.0;0.0;7.040833333333333
2023-01-02;0.2;0.0;6.519583333333333
2023-01-03;2.8;4.8;6.238333333333333
2023-01-04;1.4;1.8;6.02625
2023-01-05;0.0;0.2;5.511666666666667
2023-01-06;0.0;0.0;5.13
2023-01-07;2.2;2.2;5.0633333333333335
2023-01-08;0.6;1.2;4.959583333333334
2023-01-09;0.0;0.2;4.745
2023-01-10;39.400000000000006;24.0;6.440833333333333
2023-01-11;9.8;10.2;36.02833333333333
2023-01-12;0.0;0.0;7.478333333333333
2023-01-13;0.8;2.2;5.689166666666666
2023-01-14;8.2;6.6;7.288333333333333
2023-01-15;54.4;68.2;17.541666666666668
2023-01-16;0.2;0.4;15.036666666666669
2023-01-17;2.0;3.2;7.740416666666667
2023-01-18;6.0;10.6;8.455416666666666
2023-01-19;7.0;21.6;14.665833333333332
2023-01-20;11.8;31.0;15.803333333333333
2023-01-21;0.8;0.0;8.583333333333334
2023-01-22;2.0;3.0;12.070833333333333
2023-01-23;3.2;0.8;7.764166666666667
2023-01-24;0.2;0.2;6.991666666666667
2023-01-25;0.0;0.0;6.9
2023-01-26;0.0;0.0;5.32125
2023-01-27;0.0;0.0;4.952916666666667
2023-01-28;0.0;0.0;4.67
2023-01-29;18.4;83.2;19.375
2023-01-30;2.4000000000000004;23.4;7.509166666666666
2023-01-31;3.4000000000000004;16.999999999999996;7.372083333333333
2023-02-01;8.6;10.8;7.226666666666667
2023-02-02;95.0;149.2;17.5
2023-02-03;54.6;68.4;81.2675
2023-02-04;22.2;11.0;29.542916666666667
2023-02-05;1.6;1.7999999999999998;16.767500000000002
2023-02-06;1.0;0.6;10.065
2023-02-07;6.0;9.2;9.195833333333333
2023-02-08;31.0;6.8;9.98125
2023-02-09;6.8;2.8;8.308333333333334
2023-02-10;0.4;1.2000000000000002;7.0808333333333335
2023-02-11;0.0;0.0;6.543333333333333
2023-02-12;0.0;0.0;6.020833333333333
2023-02-13;0.0;0.0;5.4437500000000005
2023-02-14;28.2;26.6;10.980833333333337
2023-02-15;3.8;25.8;7.2625
2023-02-16;6.4;7.399999999999999;5.6025
2023-02-17;5.2;15.8;5.554166666666667
2023-02-18;0.2;0.2;6.771666666666667
2023-02-19;0.0;0.2;4.777083333333334
2023-02-20;79.4;87.4;35.314166666666665
2023-02-21;2.0;1.6;25.29625
2023-02-22;0.2;0.0;8.50375
2023-02-23;8.2;10.8;7.564583333333334
2023-02-24;2.0;1.6;8.242083333333333
2023-02-25;0.0;0.2;6.28875
2023-02-26;17.0;5.6;8.534583333333334
2023-02-27;0.0;0.0;7.864166666666667
2023-02-28;0.0;0.0;5.624583333333334
2023-03-01;0.2;0.6;5.156666666666666
2023-03-02;2.8;0.8;5.078333333333333
2023-03-03;2.4;1.4;4.9825
2023-03-04;31.4;39.8;6.943333333333334
2023-03-05;1.0;4.0;6.417083333333333
2023-03-06;11.4;7.199999999999999;6.899166666666667
2023-03-07;16.200000000000003;14.2;12.743333333333332
2023-03-08;5.8;5.0;10.271666666666668
2023-03-09;0.0;0.0;5.76875
2023-03-10;0.2;0.0;5.265416666666667
2023-03-11;2.8;2.2;7.1937500000000005
2023-03-12;10.2;4.2;7.443333333333334
2023-03-13;40.0;40.8;19.24
2023-03-14;17.6;6.2;9.664583333333336
2023-03-15;15.6;31.8;14.244583333333331
2023-03-16;9.6;1.8;8.054583333333333
2023-03-17;2.2;0.8;6.745833333333334
2023-03-18;0.0;0.0;5.8183333333333325
2023-03-19;0.0;0.0;5.210833333333333
2023-03-20;0.0;0.0;4.83875
2023-03-21;0.0;0.0;4.5325
2023-03-22;49.2;53.8;7.3975
2023-03-23;34.4;49.0;48.67791666666667
2023-03-24;0.2;0.0;10.0525
2023-03-25;0.2;0.2;7.227083333333333
2023-03-26;0.4;0.6000000000000001;6.293333333333333
2023-03-27;0.0;0.0;5.553333333333334
2023-03-28;0.0;0.0;5.11
2023-03-29;15.8;25.0;7.115833333333334
2023-03-30;0.2;0.2;6.440416666666667
2023-03-31;0.0;0.0;12.83
2023-04-01;0.0;0.0;4.4525
2023-04-02;0.0;0.0;4.1425
2023-04-03;0.0;0.0;4.008333333333334
2023-04-04;0.0;0.0;3.8858333333333337
2023-04-05;0.0;3.0;3.76125
2023-04-06;5.2;4.4;3.7579166666666666
2023-04-07;24.0;35.0;6.449583333333333
2023-04-08;3.6;2.2;5.454583333333333
2023-04-09;1.6;1.8;5.172916666666667
2023-04-10;1.6;1.8;4.63875
2023-04-11;0.0;0.0;4.060833333333334
2023-04-12;0.0;0.0;3.6529166666666666
2023-04-13;0.0;0.2;3.4370833333333333
2023-04-14;4.4;11.2;3.4758333333333336
2023-04-15;0.6000000000000001;0.2;6.170000000000001
2023-04-16;0.2;0.0;4.157916666666667
2023-04-17;49.08;27.0;11.884166666666667
2023-04-18;8.6;6.4;10.974583333333332
2023-04-19;0.0;0.0;5.70625
2023-04-20;0.2;0.0;4.142916666666667
2023-04-21;0.0;0.0;3.72875
2023-04-22;0.4;1.0;3.6366666666666654
2023-04-23;10.2;9.4;3.560833333333333
2023-04-24;7.6;5.4;6.06125
2023-04-25;0.4;0.8;3.9179166666666654
2023-04-26;0.0;0.0;3.50125
2023-04-27;0.0;0.0;3.29
2023-04-28;0.0;0.0;3.155
2023-04-29;0.0;0.0;3.06
2023-04-30;0.0;0.0;2.965
2023-05-01;0.0;0.0;2.92625
2023-05-02;0.0;0.0;2.83
2023-05-03;1.0;1.2000000000000002;2.83
2023-05-04;29.6;27.6;10.189583333333331
2023-05-05;1.0;1.2;3.87
2023-05-06;0.6000000000000001;0.9200000000000002;3.3654166666666665
2023-05-07;0.0;0.0;3.16
2023-05-08;0.0;0.0;3.055
2023-05-09;0.0;0.8;2.9170833333333337
2023-05-10;0.0;0.0;2.793333333333333
2023-05-11;0.0;0.0;2.6787500000000004
2023-05-12;0.4;0.0;2.6054166666666663
2023-05-13;0.0;0.0;2.504583333333333
2023-05-14;0.0;0.0;2.466666666666667
2023-05-15;0.0;0.0;2.4
2023-05-16;0.0;0.0;2.3875
2023-05-17;0.0;0.0;2.3
2023-05-18;0.0;0.0;2.3
2023-05-19;0.0;0.0;2.3
2023-05-20;0.0;0.0;2.225
2023-05-21;0.0;0.0;2.2
2023-05-22;0.0;0.0;2.2
2023-05-23;0.0;0.0;2.2
2023-05-24;0.0;0.0;2.129166666666667
2023-05-25;0.0;0.0;2.145833333333333
2023-05-26;0.0;0.0;2.154166666666667
2023-05-27;2.0;1.7999999999999998;2.1333333333333333
2023-05-28;3.8;6.6000000000000005;2.2291666666666665
2023-05-29;0.0;0.0;2.283333333333333
2023-05-30;0.0;0.0;2.129166666666667
2023-05-31;0.0;0.0;2.1
2023-06-01;0.0;0.0;2.0175
2023-06-02;0.0;0.0;1.99125
2023-06-03;0.0;0.0;1.92
2023-06-04;0.0;0.0;1.92
2023-06-05;0.0;0.0;1.87125
2023-06-06;0.0;0.0;1.875
2023-06-07;0.0;0.0;1.845
2023-06-08;0.0;0.0;1.83
2023-06-09;0.0;0.0;1.7966666666666669
2023-06-10;0.0;0.0;1.75
2023-06-11;6.2;7.8;1.7766666666666666
2023-06-12;12.6;13.4;2.1991666666666667
2023-06-13;1.8;3.4;2.619166666666666
2023-06-14;22.0;18.2;7.938333333333333
2023-06-15;32.4;22.8;29.42333333333333
2023-06-16;0.2;0.0;8.224583333333333
2023-06-17;0.0;0.0;3.353333333333333
2023-06-18;0.0;0.0;2.72
2023-06-19;0.0;0.0;2.425
2023-06-20;0.0;0.0;2.2916666666666665
2023-06-21;0.0;0.0;2.2
2023-06-22;1.0;1.0;2.2
2023-06-23;8.6;9.6;2.30625
2023-06-24;0.0;0.0;2.487083333333333
2023-06-25;0.0;0.0;2.1875
2023-06-26;0.0;0.0;2.04
2023-06-27;0.0;0.0;1.5024999999999995
2023-06-28;0.0;0.0;1.3500000000000003
2023-06-29;0.0;0.0;1.3295833333333331
2023-06-30;0.0;0.2;1.28
2023-07-01;0.0;0.0;1.28
2023-07-02;0.6;0.9200000000000002;1.28
2023-07-03;0.4;0.64;0.8341666666666666
2023-07-04;0.4;0.0;0.7399999999999999
2023-07-05;0.0;0.0;0.7066666666666667
2023-07-06;0.0;0.0;0.69
2023-07-07;0.0;0.0;0.64
2023-07-08;31.6;47.87499999999996;3.505416666666666
2023-07-09;0.0;0.0;1.4016666666666666
2023-07-10;23.6;15.55;2.8529166666666668
2023-07-11;12.4;4.9;2.723333333333333
2023-07-12;44.4;43.6;25.88
2023-07-13;0.2;1.52;10.553333333333333
2023-07-14;0.0;0.0;2.135
2023-07-15;0.0;0.0;1.4783333333333333
2023-07-16;0.0;0.0;1.2104166666666667
2023-07-17;1.0;2.0;1.0525
2023-07-18;0.4;0.4;0.9925
2023-07-19;0.2;0.0;1.74625
2023-07-20;5.800000000000001;3.8;3.3191666666666664
2023-07-21;1.4;1.2;5.415416666666666
2023-07-22;0.0;0.2;3.5004166666666667
2023-07-23;0.0;0.2;2.9966666666666666
2023-07-24;0.0;0.0;2.6879166666666667
2023-07-25;0.0;0.0;2.518333333333333
2023-07-26;0.0;0.0;2.3875
2023-07-27;0.0;0.2;2.3
2023-07-28;0.0;0.4;2.2875
2023-07-29;0.0;0.0;2.1791666666666667
2023-07-30;0.0;0.0;2.1
2023-07-31;0.0;0.0;2.03625
2023-08-01;0.0;0.0;2.01
2023-08-02;0.0;0.0;2.01
2023-08-03;0.0;0.0;1.92
2023-08-04;0.0;0.0;1.92
2023-08-05;0.0;0.0;1.92
2023-08-06;0.0;0.0;1.89
2023-08-07;1.2000000000000002;4.4;1.85625
2023-08-08;0.2;0.8;1.935
2023-08-09;7.2;6.56;4.51375
2023-08-10;4.2;8.200000000000001;14.0725
2023-08-11;1.2;5.2;4.759166666666666
2023-08-12;1.7999999999999998;16.4;4.273333333333333
2023-08-13;0.0;0.0;3.39875
2023-08-14;0.0;0.0;2.674166666666667
2023-08-15;0.0;0.0;2.425
2023-08-16;0.0;0.0;2.283333333333333
2023-08-17;0.0;0.0;2.2
2023-08-18;7.199999999999999;42.2;3.27625
2023-08-19;0.2;1.4;9.905416666666666
2023-08-20;0.0;0.6000000000000001;3.219583333333333
2023-08-21;0.0;0.2;2.674166666666667
2023-08-22;0.0;0.0;2.4458333333333333
2023-08-23;0.0;0.0;2.3416666666666663
2023-08-24;2.0;23.8;2.275
2023-08-25;0.0;1.0;2.7279166666666668
2023-08-26;0.0;0.0;2.3
2023-08-27;0.0;0.0;2.0970833333333334
2023-08-28;0.0;0.0;2.01
2023-08-29;0.4;0.64;1.935
2023-08-30;0.4;1.4;2.1395833333333334
2023-08-31;0.0;0.0;2.0933333333333333
2023-09-01;0.0;0.0;1.935
2023-09-02;1.0;1.4;1.9425
2023-09-03;7.4;31.4;2.609583333333333
2023-09-04;8.4;11.2;5.0008333333333335
2023-09-05;0.0;0.2;4.873333333333334
2023-09-06;0.0;0.0;2.572083333333333
2023-09-07;1.0;1.2;2.6870833333333333
2023-09-08;0.4;0.8;6.19
2023-09-09;0.4;2.4;3.0195833333333333
2023-09-10;0.0;0.4;2.6008333333333336
2023-09-11;0.0;0.0;2.4791666666666665
2023-09-12;0.0;0.0;2.3041666666666667
2023-09-13;0.2;1.0;2.145833333333333
2023-09-14;0.0;0.2;2.0625
2023-09-15;0.0;0.0;1.92
2023-09-16;0.0;0.0;1.87875
2023-09-17;0.0;0.0;1.85625
2023-09-18;1.2;14.6;1.8412500000000005
2023-09-19;3.2;13.2;2.398333333333333
2023-09-20;0.0;0.2;3.5104166666666665
2023-09-21;0.4;0.2;2.20875
2023-09-22;0.4;2.4;2.0025
2023-09-23;0.0;0.2;1.91625
2023-09-24;1.8;1.4;1.875
2023-09-25;3.2;5.5600000000000005;3.47125
2023-09-26;3.6;32.0;5.3675
2023-09-27;4.6;13.2;14.1575
2023-09-28;0.0;1.2;4.086666666666667
2023-09-29;2.4;8.0;4.674166666666666
2023-09-30;0.8;3.4;5.74875
2023-10-01;0.0;0.4;4.795
2023-10-02;0.0;0.0;3.42125
2023-10-03;0.0;0.0;2.9566666666666666
2023-10-04;15.2;67.6;31.811666666666667
2023-10-05;0.4;0.6;7.8775
2023-10-06;12.0;14.2;5.42625
2023-10-07;30.8;95.0;112.63041666666668
2023-10-08;11.4;59.2;45.815
2023-10-09;0.0;0.4;26.81083333333333
2023-10-10;0.0;0.0;11.494583333333331
2023-10-11;5.6;18.4;8.141250000000001
2023-10-12;10.2;50.0;45.51375
2023-10-13;0.0;0.2;14.729166666666666
2023-10-14;0.6000000000000001;1.6;9.342083333333331
2023-10-15;1.0;2.8;10.352083333333336
2023-10-16;5.4;19.6;11.655416666666667
2023-10-17;0.2;1.4;14.65
2023-10-18;0.0;1.0;7.450833333333333
2023-10-19;0.0;0.0;6.3825
2023-10-20;0.4;0.0;5.815
2023-10-21;0.2;0.0;5.477083333333333
2023-10-22;0.0;0.0;5.2725
2023-10-23;0.0;0.0;4.72
2023-10-24;0.0;0.0;4.36
2023-10-25;0.0;0.0;4.060833333333333
2023-10-26;0.6000000000000001;0.0;3.88
2023-10-27;1.6;4.0;3.806666666666666
2023-10-28;13.4;57.0;26.505416666666665
2023-10-29;2.4;13.2;16.417916666666667
2023-10-30;21.023399137764336;24.200000000000003;39.39
2023-10-31;0.2;0.7999999999999999;12.262916666666667
2023-11-01;0.8;0.0;9.39375
2023-11-02;13.0;12.2;12.61625
2023-11-03;45.0;53.4;45.43166666666667
2023-11-04;0.2;0.0;14.369583333333331
2023-11-05;0.0;0.0;8.98875
2023-11-06;0.0;0.0;7.34875
2023-11-07;0.0;0.0;6.579583333333333
2023-11-08;0.0;0.0;6.18
2023-11-09;0.0;0.0;5.679166666666667
2023-11-10;0.0;0.0;5.354166666666667
2023-11-11;2.8000000000000003;10.2;5.156666666666666
2023-11-12;0.2;0.2;5.269583333333333
2023-11-13;21.8;29.8;5.841666666666666
2023-11-14;12.2;12.6;8.22375
2023-11-15;5.8;3.4;5.953749999999999
2023-11-16;29.2;35.2;18.966666666666665
2023-11-17;55.2;69.39999999999999;57.00625
2023-11-18;1.2;1.64;20.817916666666665
2023-11-19;0.0;0.0;10.105416666666668
2023-11-20;0.0;0.0;7.859583333333333
2023-11-21;0.0;0.0;6.872083333333333
2023-11-22;14.8;11.2;6.459166666666667
2023-11-23;0.0;0.0;6.810416666666666
2023-11-24;0.0;0.0;5.675416666666667
2023-11-25;0.0;0.0;5.116666666666666
2023-11-26;0.4;0.0;4.913749999999999
2023-11-27;20.8;23.3;5.334583333333334
2023-11-28;83.2;90.6;58.48208333333333
2023-11-29;3.4;5.2;22.845416666666665
2023-11-30;0.0;0.0;9.854166666666666
2023-12-01;0.6000000000000001;0.6000000000000001;7.782083333333333
2023-12-02;0.4;0.0;6.90375
2023-12-03;2.6;1.0;6.305
2023-12-04;0.2;0.2;5.98875
2023-12-05;1.4;2.6;8.09875
2023-12-06;3.8;3.6;7.3379166666666675
2023-12-07;26.0;13.4;8.749583333333334
2023-12-08;1.2;0.6;9.585416666666667
2023-12-09;1.0;2.6;5.829583333333333
2023-12-10;16.6;6.4;7.7475
2023-12-11;4.4;4.6;13.24875
2023-12-12;0.6000000000000001;0.8;7.907083333333333
2023-12-13;0.0;0.0;6.129583333333334
2023-12-14;0.0;0.0;5.497916666666666
2023-12-15;0.0;0.0;5.123333333333333
2023-12-16;0.0;0.0;4.795
2023-12-17;0.0;0.0;4.601249999999999
2023-12-18;1.8;0.4;4.46375
2023-12-19;0.0;0.0;4.200833333333334
2023-12-20;0.4;0.0;4.055
2023-12-21;3.6;0.4;4.043333333333333
2023-12-22;0.4;0.8;3.909166666666667
2023-12-23;10.0;19.0;6.795416666666667
2023-12-24;0.0;0.0;4.031666666666667
2023-12-25;0.0;0.0;3.766666666666667
2023-12-26;0.0;0.0;3.53375
2023-12-27;0.0;0.0;3.405
2023-12-28;0.0;0.0;3.34
2023-12-29;0.0;0.0;3.2999999999999994
2023-12-30;5.6;0.0;3.19
2023-12-31;0.2;0.0;3.18
2024-01-01;4.0;3.6;3.24
2024-01-02;20.8;23.3;5.1312500000000005
2024-01-03;10.4;12.4;7.9125
2024-01-04;2.0;3.6;4.824583333333334
2024-01-05;15.8;3.6;8.447083333333333
2024-01-06;9.4;11.0;7.712083333333333
2024-01-07;2.0;6.0;4.7370833333333335
2024-01-08;1.0;0.6000000000000001;4.285
2024-01-09;13.6;29.8;4.319583333333333
2024-01-10;19.6;20.2;11.312083333333334
2024-01-11;19.2;22.8;20.813333333333333
2024-01-12;0.0;0.0;11.292083333333332
2024-01-13;0.0;0.0;7.0475
2024-01-14;0.2;0.0;5.827916666666667
2024-01-15;6.6;12.8;5.29375
2024-01-16;0.4;0.4;4.746666666666667
2024-01-17;38.8;43.6;5.937083333333334
2024-01-18;17.6;24.8;14.036666666666669
2024-01-19;2.8000000000000003;0.2;8.843333333333334
2024-01-20;18.2;33.4;17.7275
2024-01-21;3.0;0.8;17.29625
2024-01-22;0.6000000000000001;2.4;12.457916666666668
2024-01-23;7.0;13.4;18.05625
2024-01-24;25.6;39.8;35.850833333333334
2024-01-25;6.0;8.6;18.332083333333333
2024-01-26;14.8;18.799999999999997;22.094166666666663
2024-01-27;5.2;3.2;15.5475
2024-01-28;29.4;31.4;12.82375
2024-01-29;1.0;40.6;13.439166666666669
2024-01-30;3.6;0.0;9.72125
2024-01-31;0.4;0.0;7.987916666666667
2024-02-01;0.0;0.0;6.951250000000001
2024-02-02;0.0;0.0;6.276666666666666
2024-02-03;0.0;0.0;5.8
2024-02-04;0.0;0.0;5.437083333333334
2024-02-05;0.0;0.0;5.123333333333333
2024-02-06;0.2;0.0;4.913749999999999
2024-02-07;3.0;9.4;4.7700000000000005
2024-02-08;0.6000000000000001;0.2;4.632499999999999
2024-02-09;17.8;0.6000000000000001;4.574166666666667
2024-02-10;15.0;0.2;8.305833333333334
2024-02-11;0.2;0.0;4.664166666666667
2024-02-12;0.0;0.0;4.224166666666667
2024-02-13;0.2;0.0;4.232083333333333
2024-02-14;21.4;23.2;15.68875
2024-02-15;0.4;0.0;6.589166666666666
2024-02-16;12.8;13.8;5.246666666666667
2024-02-17;1.2000000000000002;1.64;6.99625
2024-02-18;3.6;19.8;8.229583333333332
2024-02-19;4.0;2.0;5.74625
2024-02-20;0.0;0.2;4.998333333333333
2024-02-21;0.0;0.0;4.62625
2024-02-22;0.6000000000000001;0.9200000000000002;4.407916666666667
2024-02-23;11.8;16.52;7.971666666666667
2024-02-24;0.0;0.0;6.014583333333333
2024-02-25;4.6;1.6;5.2091666666666665
2024-02-26;29.0;32.4;14.787916666666668
2024-02-27;20.4;21.4;17.7425
2024-02-28;0.8;0.2;9.749166666666666
2024-02-29;8.6;10.6;8.286666666666667
2024-03-01;5.0;3.2;7.123333333333334
2024-03-02;3.0;0.4;5.896249999999999
2024-03-03;4.6;3.8;5.2175
2024-03-04;10.0;12.0;8.749166666666666
2024-03-05;3.8;6.4;13.435833333333331
2024-03-06;0.0;0.0;6.8445833333333335
2024-03-07;1.2;0.2;5.361249999999999
2024-03-08;78.6;76.4;30.849166666666665
2024-03-09;11.8;12.0;48.21625
2024-03-10;3.0;0.0;13.457083333333337
2024-03-11;0.0;0.0;8.695416666666667
2024-03-12;0.0;0.0;7.113333333333333
2024-03-13;0.0;0.0;6.173333333333333
2024-03-14;0.0;0.0;5.574166666666667
2024-03-15;0.0;0.0;5.13
2024-03-16;4.0;10.2;5.01125
2024-03-17;0.2;1.8;5.404583333333334
2024-03-18;0.0;0.0;4.507499999999999
2024-03-19;0.8;0.2;8.3475
2024-03-20;1.0;0.4;6.004166666666666
2024-03-21;0.0;0.0;4.4975
2024-03-22;0.0;0.0;4.189166666666667
2024-03-23;1.0;0.6;3.9966666666666666
2024-03-24;4.0;3.4000000000000004;4.383333333333334
2024-03-25;0.0;0.0;4.102083333333334
2024-03-26;0.0;0.0;3.674583333333333
2024-03-27;0.6;0.0;3.5229166666666667
2024-03-28;0.2;0.0;3.4
2024-03-29;0.4;0.2;3.2999999999999994
2024-03-30;0.0;0.2;3.27
2024-03-31;0.0;0.0;3.155
2024-04-01;0.0;0.0;3.06
2024-04-02;2.8;0.0;3.0400000000000005
2024-04-03;2.6;1.0;2.94
2024-04-04;0.8;0.2;3.015
2024-04-05;11.2;3.8;3.06125
2024-04-06;0.6000000000000001;0.6000000000000001;4.3187500000000005
2024-04-07;3.2;5.5600000000000005;3.235
2024-04-08;0.0;0.0;3.16
2024-04-09;3.6;0.8;3.259583333333333
2024-04-10;9.9;0.0;4.51625
2024-04-11;16.0;19.599999999999998;13.667916666666663
2024-04-12;35.2;33.0;33.30375
2024-04-13;87.0;84.2;61.91583333333333
2024-04-14;158.3;200.0;119.68041666666666
2024-04-15;198.9;152.8;224.8975
2024-04-16;65.7;35.0;127.68
2024-04-17;4.2;5.4;45.425
2024-04-18;0.0;0.0;23.605
2024-04-19;0.0;0.0;16.797916666666666
2024-04-20;0.0;0.0;13.524166666666666
2024-04-21;0.0;0.0;11.584166666666668
2024-04-22;0.0;0.0;10.250416666666666
2024-04-23;0.0;0.0;9.334166666666668
2024-04-24;0.0;0.0;8.597916666666666
2024-04-25;20.6;21.0;12.318333333333332
2024-04-26;0.0;0.0;9.103333333333332
2024-04-27;0.0;0.0;8.022499999999999
2024-04-28;4.0;5.6000000000000005;7.501666666666666
2024-04-29;5.8;3.6;8.85875
2024-04-30;0.0;0.4;7.35625
2024-05-01;0.2;0.0;6.879583333333334
2024-05-02;10.9;11.960000000000026;7.482916666666667
2024-05-03;0.8;0.8;7.050833333333333
2024-05-04;8.0;9.0;8.299999999999999
2024-05-05;0.0;0.0;6.921666666666667
2024-05-06;0.0;0.0;6.232916666666667
2024-05-07;0.0;0.0;5.905
2024-05-08;0.0;0.0;5.708749999999999
2024-05-09;13.0;7.399999999999999;5.56375
2024-05-10;0.2;0.4;7.180416666666667
2024-05-11;9.4;3.6;5.96125
2024-05-12;1.4;0.8;7.28125
2024-05-13;16.2;16.0;6.984583333333333
2024-05-14;1.4;2.0;11.50875
2024-05-15;0.0;0.0;6.3758333333333335
2024-05-16;0.4;0.0;5.734166666666667
2024-05-17;14.0;21.4;5.65375
2024-05-18;58.2;72.2;23.43625
2024-05-19;13.2;11.8;30.3975
2024-05-20;0.2;0.2;11.64125
2024-05-21;0.0;0.0;8.11125
2024-05-22;0.0;0.0;7.164166666666667
2024-05-23;0.0;0.0;6.59
2024-05-24;19.1;17.49230769230773;11.741666666666667
2024-05-25;0.0;0.2;6.81625
2024-05-26;0.0;0.0;6.111666666666667
2024-05-27;39.6;40.6;18.974166666666665
2024-05-28;0.0;0.0;13.68625
2024-05-29;0.0;0.0;7.469583333333333
2024-05-30;0.0;0.0;6.663333333333333
2024-05-31;0.0;0.0;6.239166666666667
2024-06-01;0.0;0.0;5.923749999999999
2024-06-02;0.0;0.0;5.739166666666667
2024-06-03;0.2;0.2;5.502916666666667
2024-06-04;0.2;0.0;5.355833333333333
2024-06-05;0.0;0.0;5.1937500000000005
2024-06-06;0.0;0.0;5.069166666666667
2024-06-07;0.0;0.0;4.7875000000000005
2024-06-08;0.0;0.0;4.56
2024-06-09;0.0;0.0;4.44
2024-06-10;0.0;0.0;4.3950000000000005
2024-06-11;0.0;0.0;4.32
2024-06-12;0.0;0.0;4.295000000000001
2024-06-13;0.0;0.0;4.175
2024-06-14;0.0;0.0;4.06
2024-06-15;0.0;0.0;3.96
2024-06-16;2.6;2.2;3.965
2024-06-17;8.6;9.4;4.355
2024-06-18;12.2;9.8;5.33875
2024-06-19;1.2000000000000002;0.0;4.3879166666666665
2024-06-20;4.8;3.8;4.670833333333333
2024-06-21;0.0;0.0;4.377916666666667
2024-06-22;0.0;0.0;4.000416666666667
2024-06-23;0.0;0.0;3.8408333333333338
2024-06-24;49.4;50.6;18.86208333333333
2024-06-25;8.0;8.2;7.794166666666666
2024-06-26;27.0;30.0;20.72791666666667
2024-06-27;0.0;0.2;6.512083333333333
2024-06-28;0.2;0.0;5.204583333333333
2024-06-29;0.0;0.0;4.7225
2024-06-30;0.0;0.0;4.415
2024-07-01;0.0;0.0;4.22
2024-07-02;0.0;0.0;4.09
2024-07-03;0.0;0.0;4.035
2024-07-04;0.0;0.0;3.96
2024-07-05;0.4;0.0;3.950833333333333
2024-07-06;27.4;29.0;4.267916666666667
2024-07-07;60.6;68.2;30.552916666666665
2024-07-08;0.0;0.4;17.425
2024-07-09;10.4;11.6;7.615833333333334
2024-07-10;11.4;10.0;20.547916666666666
2024-07-11;30.8;38.0;16.122916666666665
2024-07-12;3.4000000000000004;4.4;21.15625
2024-07-13;10.6;15.0;11.075833333333334
2024-07-14;29.6;29.2;38.905
2024-07-15;3.0000000000000004;3.6;23.274583333333336
2024-07-16;4.8;3.6;15.13
2024-07-17;2.4;1.2000000000000002;11.73875
2024-07-18;0.0;0.0;8.984583333333333
2024-07-19;0.0;0.0;7.769583333333333
2024-07-20;0.0;0.0;7.002916666666667
2024-07-21;0.0;0.0;6.536666666666666
2024-07-22;0.0;0.0;6.111666666666667
2024-07-23;0.0;0.0;5.800416666666667
2024-07-24;0.0;0.0;5.55875
2024-07-25;0.0;0.0;5.320833333333333
2024-07-26;0.0;0.0;5.172083333333333
2024-07-27;0.0;0.0;5.042083333333333
2024-07-28;0.0;0.2;4.879583333333334
2024-07-29;8.0;8.8;5.138333333333334
2024-07-30;0.0;0.0;4.912083333333333
2024-07-31;1.4;0.6000000000000001;4.749583333333334
2024-08-01;1.0975295749416922;0.8;13.39
2024-08-02;0.7569164200216472;0.4;12.53
2024-08-03;0.4163032651016021;0.0;11.98
2024-08-04;0.4163032651016021;0.0;11.38
2024-08-05;0.5866098425616246;0.2;11.15
2024-08-06;0.4163032651016021;0.0;10.45
2024-08-07;6.547340053662414;7.2;9.97
2024-08-08;2.1193690397018274;2.0;13.62
2024-08-09;0.5866098425616246;0.2;16.43
2024-08-10;0.4163032651016021;0.0;9.23
2024-08-11;0.4163032651016021;0.0;8.56
2024-08-12;0.4163032651016021;0.0;8.25
2024-08-13;0.4163032651016021;0.0;7.96
2024-08-14;0.4163032651016021;0.0;7.68
2024-08-15;0.0;0.0;3.74
2024-08-16;0.0;0.0;3.74
2024-08-17;0.0;0.0;3.730833333333333
2024-08-18;0.0;0.0;3.662083333333333
2024-08-19;0.0;0.0;3.63
2024-08-20;0.0;1.4;3.5966666666666662
2024-08-21;3.8;3.8;3.735416666666667
2024-08-22;0.0;0.0;3.662083333333333
2024-08-23;9.4;9.0;3.710833333333333
2024-08-24;4.2;4.8;4.245833333333334
2024-08-25;0.0;0.2;4.039166666666667
2024-08-26;0.0;0.0;3.5725
2024-08-27;0.0;0.0;3.424583333333333
2024-08-28;0.0;0.0;3.42
2024-08-29;0.0;0.0;3.411666666666666
2024-08-30;0.0;0.0;3.3616666666666664
2024-08-31;0.0;0.0;3.32
2024-09-01;0.0;0.0;3.3241666666666667
2024-09-02;0.0;0.0;3.3241666666666667
2024-09-03;0.0;0.0;3.2741666666666664
2024-09-04;0.0;0.0;3.224166666666667
2024-09-05;6.8;12.8;3.384583333333333
2024-09-06;0.0;0.0;3.2825
2024-09-07;0.0;0.0;3.22
2024-09-08;0.0;0.0;3.22
2024-09-09;0.0;0.0;3.2158333333333338
2024-09-10;0.0;0.0;3.161666666666667
2024-09-11;0.0;0.0;3.12
2024-09-12;0.0;0.0;3.0975
2024-09-13;8.4;10.2;3.1520833333333336
2024-09-14;7.4;10.0;3.94375
2024-09-15;21.2;17.0;3.470833333333333
2024-09-16;5.2;5.6;5.305000000000001
2024-09-17;0.0;0.2;3.76875
2024-09-18;0.2;0.0;3.328333333333333
2024-09-19;2.6;3.0;3.2533333333333334
2024-09-20;30.4;34.8;13.697916666666666
2024-09-21;0.0;0.0;5.888333333333333
2024-09-22;0.0;0.0;3.880416666666666
2024-09-23;0.0;0.0;3.528333333333333
2024-09-24;0.0;0.4;3.3825
2024-09-25;0.0;0.0;3.3075
2024-09-26;1.6;2.0;3.22
2024-09-27;0.6000000000000001;1.7999999999999998;3.22
2024-09-28;0.0;0.0;3.12
2024-09-29;0.0;0.0;3.1012500000000003
2024-09-30;0.0;0.0;2.28
2024-10-01;0.0;0.0;2.23
2024-10-02;52.2;58.2;18.914583333333333
2024-10-03;0.0;0.0;8.137500000000001
2024-10-04;0.0;0.0;4.342083333333334
2024-10-05;0.0;0.0;3.785833333333333
2024-10-06;0.0;0.0;3.54625
2024-10-07;0.2;0.4;3.4075
2024-10-08;16.0;17.0;3.5104166666666665
2024-10-09;19.2;19.0;8.3175
2024-10-10;38.0;30.4;27.168333333333333
2024-10-11;64.2;39.6;75.43625
2024-10-12;0.0;0.2;11.595
2024-10-13;0.0;0.0;7.164166666666667
2024-10-14;3.141208504461963;3.2;5.882916666666667
2024-10-15;9.0;4.2;9.74
2024-10-16;0.0;0.0;7.19875
2024-10-17;0.0;0.0;5.578333333333333
2024-10-18;0.0;0.0;5.06375
2024-10-19;2.2;2.2;4.80375
2024-10-20;0.0;0.2;4.594166666666667
2024-10-21;11.4;9.2;6.639583333333333
2024-10-22;0.2;0.2;6.697500000000001
2024-10-23;0.0;0.0;4.92875
2024-10-24;8.2;6.6000000000000005;4.614166666666667
2024-10-25;0.0;0.2;4.726666666666667
2024-10-26;0.0;0.0;4.17
2024-10-27;0.0;0.0;3.94625
2024-10-28;0.0;0.0;3.85
2024-10-29;8.8;3.4;3.85
2024-10-30;21.8;38.4;4.14625
2024-10-31;4.8;1.6;6.679583333333333
2024-11-01;0.2;1.4;4.401666666666666
2024-11-02;37.4;9.2;5.583333333333333
2024-11-03;67.0;28.4;45.50083333333333
2024-11-04;155.8;94.2;117.8075
2024-11-05;25.6;22.8;78.78208333333333
2024-11-06;22.6;13.0;25.781666666666663
2024-11-07;20.4;13.4;28.969166666666663
2024-11-08;0.2;0.0;17.031666666666666
2024-11-09;0.0;0.0;11.8975
2024-11-10;0.0;0.0;9.68125
2024-11-11;0.0;0.0;8.520416666666668
2024-11-12;6.2;3.4000000000000004;7.762083333333333
2024-11-13;0.0;0.0;6.975833333333334
2024-11-14;0.0;0.0;6.489999999999999
2024-11-15;3.4;1.8;6.14875
2024-11-16;26.0;17.2;8.536666666666667
2024-11-17;0.0;0.4;7.147916666666667
2024-11-18;0.2;10.8;6.017916666666667
2024-11-19;4.2;7.6;5.60125
2024-11-20;21.8;23.2;19.28625
2024-11-21;7.800000000000001;3.8;16.267083333333332
2024-11-22;29.8;21.2;25.840416666666663
2024-11-23;6.0;3.6;18.048333333333336
2024-11-24;2.2;2.6;12.89375
2024-11-25;1.0;0.6000000000000001;8.87625
2024-11-26;0.0;0.0;7.583333333333333
2024-11-27;6.6;7.2;7.165
2024-11-28;3.4;1.6;7.619583333333334
2024-11-29;1.0;0.6000000000000001;6.65125
2024-11-30;0.0;0.2;6.267083333333333
2024-12-01;0.0;0.0;6.234166666666667
2024-12-02;9.999999999999998;6.2;6.3875
2024-12-03;0.0;0.0;5.667916666666667
2024-12-04;0.4;0.8;5.3325
2024-12-05;0.0;0.0;5.107083333333334
2024-12-06;6.0;0.0;4.928333333333334
2024-12-07;22.2;14.0;17.820416666666667
2024-12-08;6.6;13.0;8.207916666666668
2024-12-09;19.6;24.2;11.79625
2024-12-10;2.4000000000000004;6.2;15.722083333333332
2024-12-11;0.0;0.0;8.71875
2024-12-12;0.0;0.0;6.786666666666666
2024-12-13;0.4;0.4;6.055
2024-12-14;66.6;46.0;26.96291666666667
2024-12-15;0.0;0.0;8.922083333333333
2024-12-16;16.2;18.0;8.195416666666667
2024-12-17;0.0;0.2;7.859583333333333
2024-12-18;4.0;0.2;6.2925
2024-12-19;16.0;10.8;6.172916666666667
2024-12-20;7.2;5.8;9.60375
2024-12-21;0.0;0.0;6.133333333333333
2024-12-22;9.4;19.6;6.37875
2024-12-23;0.0;0.2;6.894583333333333
2024-12-24;7.6;3.4000000000000004;6.230833333333333
2024-12-25;24.6;19.200000000000003;11.0725
2024-12-26;0.2;0.4;9.540416666666667
2024-12-27;0.0;0.0;6.458333333333333
2024-12-28;0.0;0.0;5.9675
2024-12-29;3.6000000000000005;2.4;5.691666666666666
2024-12-30;0.4;5.6;7.606666666666666
2024-12-31;8.6;2.8;6.4191666666666665
2025-01-01;16.0;23.000000000000004;6.4054166666666665
2025-01-02;5.4;3.2;6.306666666666666
2025-01-03;1.0;1.2;5.785833333333334
2025-01-04;0.0;0.0;5.454583333333333
2025-01-05;4.2;3.6;5.036666666666666
2025-01-06;0.0;0.4;5.477916666666666
2025-01-07;0.0;0.2;5.363333333333333
2025-01-08;5.6;0.8;5.246250000000001
2025-01-09;0.6000000000000001;2.2;9.060833333333331
2025-01-10;0.0;0.0;6.168333333333333
2025-01-11;8.0;6.6000000000000005;5.2025
2025-01-12;0.0;0.0;5.5375000000000005
2025-01-13;7.0;0.2;4.8525
2025-01-14;0.0;0.0;4.700833333333334
2025-01-15;6.8;0.0;4.4750000000000005
2025-01-16;53.6;38.0;11.135833333333332
2025-01-17;117.8;125.8;104.58375
2025-01-18;9.4;17.599999999999998;26.520416666666662
2025-01-19;5.4;2.8;13.978333333333332
2025-01-20;4.4;4.800000000000001;10.838333333333331
2025-01-21;0.0;0.2;10.49625
2025-01-22;0.0;0.0;7.807083333333334
2025-01-23;1.6;1.8;7.08625
2025-01-24;68.39999999999999;87.80000000000001;30.852083333333336
2025-01-25;14.6;23.0;23.97
2025-01-26;0.2;0.4;14.5675
2025-01-27;1.0;0.6;9.8675
2025-01-28;11.2;9.0;9.291666666666666
2025-01-29;6.8;0.8;12.349166666666669
2025-01-30;1.0;1.0;10.405
2025-01-31;1.6;1.0;8.762916666666667
2025-02-01;0.8;0.2;9.825833333333334
2025-02-02;2.4;7.0;9.427916666666668
2025-02-03;7.6;4.4;27.06833333333333
2025-02-04;13.2;11.4;23.115
2025-02-05;0.4;0.2;13.31
2025-02-06;12.2;19.8;17.635416666666668
2025-02-07;0.2;0.04;13.817083333333334
2025-02-08;0.2;0.0;10.308333333333334
2025-02-09;0.0;0.0;8.379583333333334
2025-02-10;0.0;0.0;7.530833333333334
2025-02-11;0.0;0.0;7.016666666666667
2025-02-12;3.2;5.5600000000000005;6.656666666666666
2025-02-13;4.0;6.199999999999999;6.655
2025-02-14;0.4;1.4;7.42625
2025-02-15;12.2;16.6;7.08125
2025-02-16;6.6;6.4;11.514583333333334
2025-02-17;41.6;28.4;31.22208333333333
2025-02-18;0.2;0.8;21.508333333333336
2025-02-19;5.6000000000000005;9.6;10.217916666666666
2025-02-20;5.4;4.4;8.679583333333333
2025-02-21;0.0;0.2;7.437916666666666
2025-02-22;1.0;0.0;6.88
2025-02-23;0.6000000000000001;0.0;6.523333333333333
2025-02-24;0.0;0.0;6.1675
2025-02-25;0.4;4.8;5.892499999999999
2025-02-26;0.0;0.2;5.696666666666666
2025-02-27;0.0;0.8;5.466666666666666
2025-02-28;0.0;0.0;5.309166666666666
2025-03-01;0.0;0.0;5.150416666666667
2025-03-02;0.0;0.0;5.015
2025-03-03;0.0;0.0;4.8741666666666665
2025-03-04;0.0;0.0;4.7820833333333335
2025-03-05;0.0;0.0;4.662916666666667
2025-03-06;2.0;0.2;4.57125
2025-03-07;2.0;1.4;4.52
2025-03-08;5.184887433982233;5.6;6.48
2025-03-09;8.4;4.6;5.06375
2025-03-10;0.0;0.2;4.961250000000001
2025-03-11;13.6;15.6;4.472083333333334
2025-03-12;21.2;14.4;6.597916666666666
2025-03-13;5.6;6.4;6.25
2025-03-14;0.4;1.4;4.691666666666667
2025-03-15;0.0;0.0;4.315
2025-03-16;0.0;0.0;4.17
2025-03-17;0.0;0.0;4.07
2025-03-18;8.8;8.4;4.385416666666667
2025-03-19;0.0;0.2;6.2375
2025-03-20;0.0;0.0;4.19
2025-03-21;0.4163032651016021;0.0;4.84
2025-03-22;0.4163032651016021;0.0;4.64
2025-03-23;6.2;5.2;3.9441666666666655
2025-03-24;6.8;1.0;5.17875
2025-03-25;17.599999999999998;9.8;6.017500000000001
2025-03-26;0.0;0.8;4.724166666666667
2025-03-27;0.4163032651016021;0.0;4.98
2025-03-28;0.4163032651016021;0.0;4.44
2025-03-29;0.2;0.0;4.007083333333333
2025-03-30;1.7999999999999998;0.6000000000000001;4.017916666666667
2025-03-31;0.0;0.0;3.72625
2025-04-01;0.0;0.0;3.6216666666666666
2025-04-02;4.2;3.4000000000000004;3.6091666666666655
2025-04-03;0.6000000000000001;9.0;3.5716666666666668
2025-04-04;0.8;0.2;3.6629166666666655
2025-04-05;0.0;0.0;3.479583333333333
2025-04-06;0.0;0.0;3.3616666666666664
2025-04-07;25.4;14.2;5.9054166666666665
2025-04-08;28.8;28.6;12.228333333333332
2025-04-09;1.0;1.6;8.962916666666667
2025-04-10;45.4;48.2;15.340833333333334
2025-04-11;10.0;3.6;30.677916666666665
2025-04-12;0.8;2.0;6.527083333333334
2025-04-13;3.0;3.6;5.804583333333333
2025-04-14;0.0;0.2;4.837916666666667
2025-04-15;0.0;0.0;3.945
2025-04-16;0.4163032651016021;0.0;4.85
2025-04-17;0.5866098425616246;0.2;5.17
2025-04-18;0.2;0.0;3.1650000000000005
2025-04-19;0.0;0.0;3.0400000000000005
2025-04-20;0.4163032651016021;0.0;7.24
2025-04-21;0.0;0.0;2.8070833333333334
2025-04-22;0.0;0.0;2.7062500000000003
2025-04-23;0.0;0.0;2.61
2025-04-24;0.0;0.0;2.5779166666666664
2025-04-25;0.0;0.0;2.5
2025-04-26;0.0;0.0;2.4208333333333334
2025-04-27;1.0975295749416922;0.7999999999999999;4.57
2025-04-28;2.6302887720818955;2.6;5.44
2025-04-29;0.0;0.0;2.3166666666666664
2025-04-30;0.0;0.0;2.208333333333333
2025-05-01;0.0;0.0;2.2
2025-05-02;0.0;0.0;2.2
2025-05-03;0.0;0.0;2.1750000000000003
2025-05-04;0.0;0.0;2.1
2025-05-05;0.0;0.0;2.1
2025-05-06;0.0;0.0;2.08875
2025-05-07;0.0;0.0;2.07
2025-05-08;0.0;0.0;2.02875
2025-05-09;29.4;16.4;4.195416666666667
2025-05-10;1.4;1.4;7.246666666666666
2025-05-11;0.0;0.0;2.4804166666666667
2025-05-12;0.0;0.0;2.2
2025-05-13;19.4;12.8;2.2904166666666668
2025-05-14;17.8;7.8;8.254166666666666
2025-05-15;0.0;0.0;3.2016666666666667
2025-05-16;0.6000000000000001;0.2;2.5733333333333333
2025-05-17;0.0;0.0;2.45
2025-05-18;0.6;1.0;2.295833333333333
2025-05-19;0.0;0.0;2.2
2025-05-20;0.2;0.2;2.2
2025-05-21;14.4;14.4;2.280416666666667
2025-05-22;7.0;7.960000000000001;3.18375
2025-05-23;0.2;1.52;4.097083333333333
2025-05-24;21.6;30.12;3.5820833333333333
2025-05-25;2.8;2.04;12.007083333333334
2025-05-26;0.0;0.0;4.157916666666667
2025-05-27;0.0;0.0;3.0904166666666666
2025-05-28;0.6000000000000001;0.8;2.7658333333333336
2025-05-29;0.0;0.0;2.5116666666666667
2025-05-30;0.0;0.0;2.308333333333333
2025-05-31;0.0;0.0;2.2416666666666667
2025-06-01;0.0;0.0;2.2
2025-06-02;0.0;0.0;2.1083333333333334
